title,document_type,field,intended_author,usable_for_generation,authority_level,issuing_authority,source_url,publish_date,retrieved_at,local_path,source_status,notes
民事答辩状（公民对民事起诉提出答辩用）,民事诉讼文书样式,civil,party,true,A,中华人民共和国最高人民法院,https://www.court.gov.cn/susongyangshi/xiangqing/216.html,2016-09-28,2026-05-02,skills/legal-document-drafting/assets/official_templates/civil/spc-2016-civil-answer-individual.md,official_collected,可作为律师/当事人提交文书模板；由旧 references 文件机械迁移，未改写官方正文。
民事上诉状（当事人提起上诉用）,民事诉讼文书样式,civil,party,true,A,中华人民共和国最高人民法院,https://www.court.gov.cn/susongyangshi/xiangqing/379.html,2016-09-28,2026-05-02,skills/legal-document-drafting/assets/official_templates/civil/spc-2016-civil-appeal.md,official_collected,可作为律师/当事人提交文书模板；由旧 references 文件机械迁移，未改写官方正文。
民事起诉状（公民提起民事诉讼用）,民事诉讼文书样式,civil,party,true,A,中华人民共和国最高人民法院,https://www.court.gov.cn/susongyangshi/xiangqing/181.html,2016-09-28,2026-05-02,skills/legal-document-drafting/assets/official_templates/civil/spc-2016-civil-complaint-individual.md,official_collected,可作为律师/当事人提交文书模板；由旧 references 文件机械迁移，未改写官方正文。
民事起诉状（法人或者其他组织提起民事诉讼用）,民事诉讼文书样式,civil,party,true,A,中华人民共和国最高人民法院,https://www.court.gov.cn/susongyangshi/xiangqing/187.html,2016-09-28,2026-05-02,skills/legal-document-drafting/assets/official_templates/civil/spc-2016-civil-complaint-organization.md,official_collected,可作为律师/当事人提交文书模板；由旧 references 文件机械迁移，未改写官方正文。
申请书（申请诉讼财产保全用）,民事诉讼文书样式,civil,party,true,A,中华人民共和国最高人民法院,https://www.court.gov.cn/susongyangshi/xiangqing/126.html,2016-09-28,2026-05-02,skills/legal-document-drafting/assets/official_templates/civil/spc-2016-property-preservation-litigation.md,official_collected,可作为律师/当事人提交文书模板；由旧 references 文件机械迁移，未改写官方正文。
申请书（诉前或者仲裁前申请财产保全用）,民事诉讼文书样式,civil,party,true,A,中华人民共和国最高人民法院,https://www.court.gov.cn/susongyangshi/xiangqing/113.html,2016-09-28,2026-05-02,skills/legal-document-drafting/assets/official_templates/civil/spc-2016-property-preservation-pre-litigation.md,official_collected,可作为律师/当事人提交文书模板；由旧 references 文件机械迁移，未改写官方正文。
送达地址确认书（确认送达地址用）,民事诉讼文书样式,civil,party,true,A,中华人民共和国最高人民法院,https://www.court.gov.cn/susongyangshi/xiangqing/378.html,2016-09-28,2026-05-02,skills/legal-document-drafting/assets/official_templates/civil/spc-2016-service-address-confirmation.md,official_collected,可作为律师/当事人提交文书模板；由旧 references 文件机械迁移，未改写官方正文。
申请书（申请执行用）,民事执行文书样式,enforcement,party,true,A,中华人民共和国最高人民法院,https://www.court.gov.cn/susongyangshi/xiangqing/639.html,2016-09-28,2026-05-02,skills/legal-document-drafting/assets/official_templates/enforcement/spc-2016-enforcement-application.md,official_collected,可作为律师/当事人提交文书模板；由旧 references 文件机械迁移，未改写官方正文。
授权委托书（公民委托诉讼代理人用）,诉讼代理授权文书样式,lawyer_practice,party,true,A,中华人民共和国最高人民法院,https://www.court.gov.cn/susongyangshi/xiangqing/51.html,2016-09-28,2026-05-02,skills/legal-document-drafting/assets/official_templates/lawyer_practice/spc-2016-power-of-attorney-individual.md,official_collected,可作为律师/当事人提交文书模板；由旧 references 文件机械迁移，未改写官方正文。
授权委托书（法人或者其他组织委托诉讼代理人用）,诉讼代理授权文书样式,lawyer_practice,party,true,A,中华人民共和国最高人民法院,https://www.court.gov.cn/susongyangshi/xiangqing/59.html,2016-09-28,2026-05-02,skills/legal-document-drafting/assets/official_templates/lawyer_practice/spc-2016-power-of-attorney-organization.md,official_collected,可作为律师/当事人提交文书模板；由旧 references 文件机械迁移，未改写官方正文。
2025年示范文本：侮辱案,侮辱案刑事（附带民事）自诉状/答辩状,criminal,party,false,C,平原县人民法院（转载最高法、司法部、中华全国律师协会示范文本）,https://www.sdcourt.gov.cn/dzpyfy/393147/393148/393150/43509906/index.html,2025-08-26,2026-05-02,skills/legal-document-drafting/assets/official_reference_only/criminal/2025-67-01-侮辱案.md,official_reference_only,转载最高法、司法部、全国律协示范文本；附件名：诽谤案刑事（附带民事）.doc。当前本地 curl/Python 下载尝试出现 TLS SSL_ERROR_SYSCALL/EOF，未取得正文，不作为正式生成模板。
2025年示范文本：诽谤案,诽谤案刑事（附带民事）自诉状/答辩状,criminal,party,false,C,平原县人民法院（转载最高法、司法部、中华全国律师协会示范文本）,https://www.sdcourt.gov.cn/dzpyfy/393147/393148/393150/43509906/index.html,2025-08-26,2026-05-02,skills/legal-document-drafting/assets/official_reference_only/criminal/2025-67-02-诽谤案.md,official_reference_only,转载最高法、司法部、全国律协示范文本；附件名：诽谤案刑事（附带民事）.doc。当前本地 curl/Python 下载尝试出现 TLS SSL_ERROR_SYSCALL/EOF，未取得正文，不作为正式生成模板。
2025年示范文本：重婚案,重婚案刑事（附带民事）自诉状/答辩状,criminal,party,false,C,平原县人民法院（转载最高法、司法部、中华全国律师协会示范文本）,https://www.sdcourt.gov.cn/dzpyfy/393147/393148/393150/43509906/index.html,2025-08-26,2026-05-02,skills/legal-document-drafting/assets/official_reference_only/criminal/2025-67-03-重婚案.md,official_reference_only,转载最高法、司法部、全国律协示范文本；附件名：重婚案刑事（附带民事）.doc。当前本地 curl/Python 下载尝试出现 TLS SSL_ERROR_SYSCALL/EOF，未取得正文，不作为正式生成模板。
2025年示范文本：拒不执行判决、裁定案,拒不执行判决、裁定案刑事（附带民事）自诉状/答辩状,criminal,party,false,C,平原县人民法院（转载最高法、司法部、中华全国律师协会示范文本）,https://www.sdcourt.gov.cn/dzpyfy/393147/393148/393150/43509906/index.html,2025-08-26,2026-05-02,skills/legal-document-drafting/assets/official_reference_only/criminal/2025-67-04-拒不执行判决-裁定案.md,official_reference_only,转载最高法、司法部、全国律协示范文本；附件名：拒不执行判决、裁定案刑事（附带民事）.doc。当前本地 curl/Python 下载尝试出现 TLS SSL_ERROR_SYSCALL/EOF，未取得正文，不作为正式生成模板。
2025年示范文本：离婚纠纷,离婚纠纷起诉状/答辩状,family,party,false,C,平原县人民法院（转载最高法、司法部、中华全国律师协会示范文本）,https://www.sdcourt.gov.cn/dzpyfy/393147/393148/393150/43509906/index.html,2025-08-26,2026-05-02,skills/legal-document-drafting/assets/official_reference_only/family/2025-67-05-离婚纠纷.md,official_reference_only,转载最高法、司法部、全国律协示范文本；附件名：离婚纠纷.doc。当前本地 curl/Python 下载尝试出现 TLS SSL_ERROR_SYSCALL/EOF，未取得正文，不作为正式生成模板。
2025年示范文本：民间借贷纠纷,民间借贷纠纷起诉状/答辩状,civil,party,false,C,平原县人民法院（转载最高法、司法部、中华全国律师协会示范文本）,https://www.sdcourt.gov.cn/dzpyfy/393147/393148/393150/43509906/index.html,2025-08-26,2026-05-02,skills/legal-document-drafting/assets/official_reference_only/civil/2025-67-06-民间借贷纠纷.md,official_reference_only,转载最高法、司法部、全国律协示范文本；附件名：民间借贷纠纷.doc。当前本地 curl/Python 下载尝试出现 TLS SSL_ERROR_SYSCALL/EOF，未取得正文，不作为正式生成模板。
2025年示范文本：金融借款合同纠纷,金融借款合同纠纷起诉状/答辩状,commercial,party,false,C,平原县人民法院（转载最高法、司法部、中华全国律师协会示范文本）,https://www.sdcourt.gov.cn/dzpyfy/393147/393148/393150/43509906/index.html,2025-08-26,2026-05-02,skills/legal-document-drafting/assets/official_reference_only/commercial/2025-67-07-金融借款合同纠纷.md,official_reference_only,转载最高法、司法部、全国律协示范文本；附件名：金融借款合同纠纷.doc。当前本地 curl/Python 下载尝试出现 TLS SSL_ERROR_SYSCALL/EOF，未取得正文，不作为正式生成模板。
2025年示范文本：买卖合同纠纷,买卖合同纠纷起诉状/答辩状,commercial,party,false,C,平原县人民法院（转载最高法、司法部、中华全国律师协会示范文本）,https://www.sdcourt.gov.cn/dzpyfy/393147/393148/393150/43509906/index.html,2025-08-26,2026-05-02,skills/legal-document-drafting/assets/official_reference_only/commercial/2025-67-08-买卖合同纠纷.md,official_reference_only,转载最高法、司法部、全国律协示范文本；附件名：买卖合同纠纷.doc。当前本地 curl/Python 下载尝试出现 TLS SSL_ERROR_SYSCALL/EOF，未取得正文，不作为正式生成模板。
2025年示范文本：劳动争议纠纷,劳动争议纠纷起诉状/答辩状,labor,party,false,C,平原县人民法院（转载最高法、司法部、中华全国律师协会示范文本）,https://www.sdcourt.gov.cn/dzpyfy/393147/393148/393150/43509906/index.html,2025-08-26,2026-05-02,skills/legal-document-drafting/assets/official_reference_only/labor/2025-67-09-劳动争议纠纷.md,official_reference_only,转载最高法、司法部、全国律协示范文本；附件名：劳动争议纠纷.doc。当前本地 curl/Python 下载尝试出现 TLS SSL_ERROR_SYSCALL/EOF，未取得正文，不作为正式生成模板。
2025年示范文本：机动车交通事故责任纠纷,机动车交通事故责任纠纷起诉状/答辩状,tort,party,false,C,平原县人民法院（转载最高法、司法部、中华全国律师协会示范文本）,https://www.sdcourt.gov.cn/dzpyfy/393147/393148/393150/43509906/index.html,2025-08-26,2026-05-02,skills/legal-document-drafting/assets/official_reference_only/tort/2025-67-10-机动车交通事故责任纠纷.md,official_reference_only,转载最高法、司法部、全国律协示范文本；附件名：机动车交通事故责任纠.doc。当前本地 curl/Python 下载尝试出现 TLS SSL_ERROR_SYSCALL/EOF，未取得正文，不作为正式生成模板。
2025年示范文本：信用卡纠纷,信用卡纠纷起诉状/答辩状,commercial,party,false,C,平原县人民法院（转载最高法、司法部、中华全国律师协会示范文本）,https://www.sdcourt.gov.cn/dzpyfy/393147/393148/393150/43509906/index.html,2025-08-26,2026-05-02,skills/legal-document-drafting/assets/official_reference_only/commercial/2025-67-11-信用卡纠纷.md,official_reference_only,转载最高法、司法部、全国律协示范文本；附件名：信用卡纠纷.doc。当前本地 curl/Python 下载尝试出现 TLS SSL_ERROR_SYSCALL/EOF，未取得正文，不作为正式生成模板。
2025年示范文本：物业服务合同纠纷,物业服务合同纠纷起诉状/答辩状,commercial,party,false,C,平原县人民法院（转载最高法、司法部、中华全国律师协会示范文本）,https://www.sdcourt.gov.cn/dzpyfy/393147/393148/393150/43509906/index.html,2025-08-26,2026-05-02,skills/legal-document-drafting/assets/official_reference_only/commercial/2025-67-12-物业服务合同纠纷.md,official_reference_only,转载最高法、司法部、全国律协示范文本；附件名：物业服务合同纠纷.doc。当前本地 curl/Python 下载尝试出现 TLS SSL_ERROR_SYSCALL/EOF，未取得正文，不作为正式生成模板。
2025年示范文本：财产损失保险合同纠纷,财产损失保险合同纠纷起诉状/答辩状,commercial,party,false,C,平原县人民法院（转载最高法、司法部、中华全国律师协会示范文本）,https://www.sdcourt.gov.cn/dzpyfy/393147/393148/393150/43509906/index.html,2025-08-26,2026-05-02,skills/legal-document-drafting/assets/official_reference_only/commercial/2025-67-13-财产损失保险合同纠纷.md,official_reference_only,转载最高法、司法部、全国律协示范文本；附件名：财产损失保险合同纠纷.doc。当前本地 curl/Python 下载尝试出现 TLS SSL_ERROR_SYSCALL/EOF，未取得正文，不作为正式生成模板。
2025年示范文本：证券虚假陈述责任纠纷,证券虚假陈述责任纠纷起诉状/答辩状,commercial,party,false,C,平原县人民法院（转载最高法、司法部、中华全国律师协会示范文本）,https://www.sdcourt.gov.cn/dzpyfy/393147/393148/393150/43509906/index.html,2025-08-26,2026-05-02,skills/legal-document-drafting/assets/official_reference_only/commercial/2025-67-14-证券虚假陈述责任纠纷.md,official_reference_only,转载最高法、司法部、全国律协示范文本；附件名：证券虚假陈述责任纠纷.doc。当前本地 curl/Python 下载尝试出现 TLS SSL_ERROR_SYSCALL/EOF，未取得正文，不作为正式生成模板。
2025年示范文本：保证保险合同纠纷,保证保险合同纠纷起诉状/答辩状,commercial,party,false,C,平原县人民法院（转载最高法、司法部、中华全国律师协会示范文本）,https://www.sdcourt.gov.cn/dzpyfy/393147/393148/393150/43509906/index.html,2025-08-26,2026-05-02,skills/legal-document-drafting/assets/official_reference_only/commercial/2025-67-15-保证保险合同纠纷.md,official_reference_only,转载最高法、司法部、全国律协示范文本；附件名：保证保险合同纠纷.doc。当前本地 curl/Python 下载尝试出现 TLS SSL_ERROR_SYSCALL/EOF，未取得正文，不作为正式生成模板。
2025年示范文本：融资租赁合同纠纷,融资租赁合同纠纷起诉状/答辩状,commercial,party,false,C,平原县人民法院（转载最高法、司法部、中华全国律师协会示范文本）,https://www.sdcourt.gov.cn/dzpyfy/393147/393148/393150/43509906/index.html,2025-08-26,2026-05-02,skills/legal-document-drafting/assets/official_reference_only/commercial/2025-67-16-融资租赁合同纠纷.md,official_reference_only,转载最高法、司法部、全国律协示范文本；附件名：融资租赁合同纠纷.doc。当前本地 curl/Python 下载尝试出现 TLS SSL_ERROR_SYSCALL/EOF，未取得正文，不作为正式生成模板。
2025年示范文本：房屋买卖合同纠纷,房屋买卖合同纠纷起诉状/答辩状,commercial,party,false,C,平原县人民法院（转载最高法、司法部、中华全国律师协会示范文本）,https://www.sdcourt.gov.cn/dzpyfy/393147/393148/393150/43509906/index.html,2025-08-26,2026-05-02,skills/legal-document-drafting/assets/official_reference_only/commercial/2025-67-17-房屋买卖合同纠纷.md,official_reference_only,转载最高法、司法部、全国律协示范文本；附件名：房屋买卖合同纠纷.doc。当前本地 curl/Python 下载尝试出现 TLS SSL_ERROR_SYSCALL/EOF，未取得正文，不作为正式生成模板。
2025年示范文本：房屋租赁合同纠纷,房屋租赁合同纠纷起诉状/答辩状,commercial,party,false,C,平原县人民法院（转载最高法、司法部、中华全国律师协会示范文本）,https://www.sdcourt.gov.cn/dzpyfy/393147/393148/393150/43509906/index.html,2025-08-26,2026-05-02,skills/legal-document-drafting/assets/official_reference_only/commercial/2025-67-18-房屋租赁合同纠纷.md,official_reference_only,转载最高法、司法部、全国律协示范文本；附件名：房屋租赁合同纠纷.doc。当前本地 curl/Python 下载尝试出现 TLS SSL_ERROR_SYSCALL/EOF，未取得正文，不作为正式生成模板。
2025年示范文本：建设工程施工合同纠纷,建设工程施工合同纠纷起诉状/答辩状,commercial,party,false,C,平原县人民法院（转载最高法、司法部、中华全国律师协会示范文本）,https://www.sdcourt.gov.cn/dzpyfy/393147/393148/393150/43509906/index.html,2025-08-26,2026-05-02,skills/legal-document-drafting/assets/official_reference_only/commercial/2025-67-19-建设工程施工合同纠纷.md,official_reference_only,转载最高法、司法部、全国律协示范文本；附件名：建设工程施工合同纠纷.doc。当前本地 curl/Python 下载尝试出现 TLS SSL_ERROR_SYSCALL/EOF，未取得正文，不作为正式生成模板。
2025年示范文本：人身保险合同纠纷,人身保险合同纠纷起诉状/答辩状,commercial,party,false,C,平原县人民法院（转载最高法、司法部、中华全国律师协会示范文本）,https://www.sdcourt.gov.cn/dzpyfy/393147/393148/393150/43509906/index.html,2025-08-26,2026-05-02,skills/legal-document-drafting/assets/official_reference_only/commercial/2025-67-20-人身保险合同纠纷.md,official_reference_only,转载最高法、司法部、全国律协示范文本；附件名：人身保险合同纠纷.doc。当前本地 curl/Python 下载尝试出现 TLS SSL_ERROR_SYSCALL/EOF，未取得正文，不作为正式生成模板。
2025年示范文本：责任保险合同纠纷,责任保险合同纠纷起诉状/答辩状,commercial,party,false,C,平原县人民法院（转载最高法、司法部、中华全国律师协会示范文本）,https://www.sdcourt.gov.cn/dzpyfy/393147/393148/393150/43509906/index.html,2025-08-26,2026-05-02,skills/legal-document-drafting/assets/official_reference_only/commercial/2025-67-21-责任保险合同纠纷.md,official_reference_only,转载最高法、司法部、全国律协示范文本；附件名：责任保险合同纠纷.doc。当前本地 curl/Python 下载尝试出现 TLS SSL_ERROR_SYSCALL/EOF，未取得正文，不作为正式生成模板。
2025年示范文本：侵害著作权及邻接权纠纷,侵害著作权及邻接权纠纷起诉状/答辩状,ip,party,false,C,平原县人民法院（转载最高法、司法部、中华全国律师协会示范文本）,https://www.sdcourt.gov.cn/dzpyfy/393147/393148/393150/43509906/index.html,2025-08-26,2026-05-02,skills/legal-document-drafting/assets/official_reference_only/ip/2025-67-22-侵害著作权及邻接权纠纷.md,official_reference_only,转载最高法、司法部、全国律协示范文本；附件名：侵害著作权及邻接权纠纷.doc。当前本地 curl/Python 下载尝试出现 TLS SSL_ERROR_SYSCALL/EOF，未取得正文，不作为正式生成模板。
2025年示范文本：侵害商标权纠纷,侵害商标权纠纷起诉状/答辩状,ip,party,false,C,平原县人民法院（转载最高法、司法部、中华全国律师协会示范文本）,https://www.sdcourt.gov.cn/dzpyfy/393147/393148/393150/43509906/index.html,2025-08-26,2026-05-02,skills/legal-document-drafting/assets/official_reference_only/ip/2025-67-23-侵害商标权纠纷.md,official_reference_only,转载最高法、司法部、全国律协示范文本；附件名：侵害商标权纠纷.doc。当前本地 curl/Python 下载尝试出现 TLS SSL_ERROR_SYSCALL/EOF，未取得正文，不作为正式生成模板。
2025年示范文本：侵害发明专利权纠纷,侵害发明专利权纠纷起诉状/答辩状,ip,party,false,C,平原县人民法院（转载最高法、司法部、中华全国律师协会示范文本）,https://www.sdcourt.gov.cn/dzpyfy/393147/393148/393150/43509906/index.html,2025-08-26,2026-05-02,skills/legal-document-drafting/assets/official_reference_only/ip/2025-67-24-侵害发明专利权纠纷.md,official_reference_only,转载最高法、司法部、全国律协示范文本；附件名：侵害发明专利权纠纷.doc。当前本地 curl/Python 下载尝试出现 TLS SSL_ERROR_SYSCALL/EOF，未取得正文，不作为正式生成模板。
2025年示范文本：侵害外观设计专利权纠纷,侵害外观设计专利权纠纷起诉状/答辩状,ip,party,false,C,平原县人民法院（转载最高法、司法部、中华全国律师协会示范文本）,https://www.sdcourt.gov.cn/dzpyfy/393147/393148/393150/43509906/index.html,2025-08-26,2026-05-02,skills/legal-document-drafting/assets/official_reference_only/ip/2025-67-25-侵害外观设计专利权纠纷.md,official_reference_only,转载最高法、司法部、全国律协示范文本；附件名：侵害外观设计专利权纠纷.doc。当前本地 curl/Python 下载尝试出现 TLS SSL_ERROR_SYSCALL/EOF，未取得正文，不作为正式生成模板。
2025年示范文本：侵害植物新品种权纠纷,侵害植物新品种权纠纷起诉状/答辩状,ip,party,false,C,平原县人民法院（转载最高法、司法部、中华全国律师协会示范文本）,https://www.sdcourt.gov.cn/dzpyfy/393147/393148/393150/43509906/index.html,2025-08-26,2026-05-02,skills/legal-document-drafting/assets/official_reference_only/ip/2025-67-26-侵害植物新品种权纠纷.md,official_reference_only,转载最高法、司法部、全国律协示范文本；附件名：侵害植物新品种权纠纷.doc。当前本地 curl/Python 下载尝试出现 TLS SSL_ERROR_SYSCALL/EOF，未取得正文，不作为正式生成模板。
2025年示范文本：侵害商业秘密纠纷,侵害商业秘密纠纷起诉状/答辩状,ip,party,false,C,平原县人民法院（转载最高法、司法部、中华全国律师协会示范文本）,https://www.sdcourt.gov.cn/dzpyfy/393147/393148/393150/43509906/index.html,2025-08-26,2026-05-02,skills/legal-document-drafting/assets/official_reference_only/ip/2025-67-27-侵害商业秘密纠纷.md,official_reference_only,转载最高法、司法部、全国律协示范文本；附件名：侵害商业秘密纠纷.doc。当前本地 curl/Python 下载尝试出现 TLS SSL_ERROR_SYSCALL/EOF，未取得正文，不作为正式生成模板。
2025年示范文本：技术合同纠纷,技术合同纠纷起诉状/答辩状,ip,party,false,C,平原县人民法院（转载最高法、司法部、中华全国律师协会示范文本）,https://www.sdcourt.gov.cn/dzpyfy/393147/393148/393150/43509906/index.html,2025-08-26,2026-05-02,skills/legal-document-drafting/assets/official_reference_only/ip/2025-67-28-技术合同纠纷.md,official_reference_only,转载最高法、司法部、全国律协示范文本；附件名：技术合同纠纷.doc。当前本地 curl/Python 下载尝试出现 TLS SSL_ERROR_SYSCALL/EOF，未取得正文，不作为正式生成模板。
2025年示范文本：不正当竞争纠纷,不正当竞争纠纷起诉状/答辩状,ip,party,false,C,平原县人民法院（转载最高法、司法部、中华全国律师协会示范文本）,https://www.sdcourt.gov.cn/dzpyfy/393147/393148/393150/43509906/index.html,2025-08-26,2026-05-02,skills/legal-document-drafting/assets/official_reference_only/ip/2025-67-29-不正当竞争纠纷.md,official_reference_only,转载最高法、司法部、全国律协示范文本；附件名：不正当竞争纠纷.doc。当前本地 curl/Python 下载尝试出现 TLS SSL_ERROR_SYSCALL/EOF，未取得正文，不作为正式生成模板。
2025年示范文本：垄断纠纷,垄断纠纷起诉状/答辩状,ip,party,false,C,平原县人民法院（转载最高法、司法部、中华全国律师协会示范文本）,https://www.sdcourt.gov.cn/dzpyfy/393147/393148/393150/43509906/index.html,2025-08-26,2026-05-02,skills/legal-document-drafting/assets/official_reference_only/ip/2025-67-30-垄断纠纷.md,official_reference_only,转载最高法、司法部、全国律协示范文本；附件名：垄断纠纷.doc。当前本地 curl/Python 下载尝试出现 TLS SSL_ERROR_SYSCALL/EOF，未取得正文，不作为正式生成模板。
2025年示范文本：商标申请驳回复审纠纷,商标申请驳回复审纠纷行政起诉状/答辩状,ip,party,false,C,平原县人民法院（转载最高法、司法部、中华全国律师协会示范文本）,https://www.sdcourt.gov.cn/dzpyfy/393147/393148/393150/43509906/index.html,2025-08-26,2026-05-02,skills/legal-document-drafting/assets/official_reference_only/ip/2025-67-31-商标申请驳回复审纠纷.md,official_reference_only,转载最高法、司法部、全国律协示范文本；附件名：商标申请驳回复审纠纷.doc。当前本地 curl/Python 下载尝试出现 TLS SSL_ERROR_SYSCALL/EOF，未取得正文，不作为正式生成模板。
2025年示范文本：商标撤销复审行政纠纷,商标撤销复审行政纠纷行政起诉状/答辩状,ip,party,false,C,平原县人民法院（转载最高法、司法部、中华全国律师协会示范文本）,https://www.sdcourt.gov.cn/dzpyfy/393147/393148/393150/43509906/index.html,2025-08-26,2026-05-02,skills/legal-document-drafting/assets/official_reference_only/ip/2025-67-32-商标撤销复审行政纠纷.md,official_reference_only,转载最高法、司法部、全国律协示范文本；附件名：商标撤销复审行政纠纷.doc。当前本地 curl/Python 下载尝试出现 TLS SSL_ERROR_SYSCALL/EOF，未取得正文，不作为正式生成模板。
2025年示范文本：商标无效行政纠纷,商标无效行政纠纷行政起诉状/答辩状,ip,party,false,C,平原县人民法院（转载最高法、司法部、中华全国律师协会示范文本）,https://www.sdcourt.gov.cn/dzpyfy/393147/393148/393150/43509906/index.html,2025-08-26,2026-05-02,skills/legal-document-drafting/assets/official_reference_only/ip/2025-67-33-商标无效行政纠纷.md,official_reference_only,转载最高法、司法部、全国律协示范文本；附件名：商标无效行政纠纷.doc。当前本地 curl/Python 下载尝试出现 TLS SSL_ERROR_SYSCALL/EOF，未取得正文，不作为正式生成模板。
2025年示范文本：专利申请驳回复审行政纠纷,专利申请驳回复审行政纠纷行政起诉状/答辩状,ip,party,false,C,平原县人民法院（转载最高法、司法部、中华全国律师协会示范文本）,https://www.sdcourt.gov.cn/dzpyfy/393147/393148/393150/43509906/index.html,2025-08-26,2026-05-02,skills/legal-document-drafting/assets/official_reference_only/ip/2025-67-34-专利申请驳回复审行政纠纷.md,official_reference_only,转载最高法、司法部、全国律协示范文本；附件名：专利申请驳回复审行政纠纷.doc。当前本地 curl/Python 下载尝试出现 TLS SSL_ERROR_SYSCALL/EOF，未取得正文，不作为正式生成模板。
2025年示范文本：专利无效行政纠纷,专利无效行政纠纷行政起诉状/答辩状,ip,party,false,C,平原县人民法院（转载最高法、司法部、中华全国律师协会示范文本）,https://www.sdcourt.gov.cn/dzpyfy/393147/393148/393150/43509906/index.html,2025-08-26,2026-05-02,skills/legal-document-drafting/assets/official_reference_only/ip/2025-67-35-专利无效行政纠纷.md,official_reference_only,转载最高法、司法部、全国律协示范文本；附件名：专利无效行政纠纷.doc。当前本地 curl/Python 下载尝试出现 TLS SSL_ERROR_SYSCALL/EOF，未取得正文，不作为正式生成模板。
2025年示范文本：船舶碰撞损害责任纠纷,船舶碰撞损害责任纠纷起诉状/答辩状,maritime,party,false,C,平原县人民法院（转载最高法、司法部、中华全国律师协会示范文本）,https://www.sdcourt.gov.cn/dzpyfy/393147/393148/393150/43509906/index.html,2025-08-26,2026-05-02,skills/legal-document-drafting/assets/official_reference_only/maritime/2025-67-36-船舶碰撞损害责任纠纷.md,official_reference_only,转载最高法、司法部、全国律协示范文本；附件名：船舶碰撞损害责任纠纷.doc。当前本地 curl/Python 下载尝试出现 TLS SSL_ERROR_SYSCALL/EOF，未取得正文，不作为正式生成模板。
2025年示范文本：船员劳务合同纠纷,船员劳务合同纠纷起诉状/答辩状,maritime,party,false,C,平原县人民法院（转载最高法、司法部、中华全国律师协会示范文本）,https://www.sdcourt.gov.cn/dzpyfy/393147/393148/393150/43509906/index.html,2025-08-26,2026-05-02,skills/legal-document-drafting/assets/official_reference_only/maritime/2025-67-37-船员劳务合同纠纷.md,official_reference_only,转载最高法、司法部、全国律协示范文本；附件名：船员劳务合同纠纷.doc。当前本地 curl/Python 下载尝试出现 TLS SSL_ERROR_SYSCALL/EOF，未取得正文，不作为正式生成模板。
2025年示范文本：海上、通海水域货运代理合同纠纷,海上、通海水域货运代理合同纠纷起诉状/答辩状,maritime,party,false,C,平原县人民法院（转载最高法、司法部、中华全国律师协会示范文本）,https://www.sdcourt.gov.cn/dzpyfy/393147/393148/393150/43509906/index.html,2025-08-26,2026-05-02,skills/legal-document-drafting/assets/official_reference_only/maritime/2025-67-38-海上-通海水域货运代理合同纠纷.md,official_reference_only,转载最高法、司法部、全国律协示范文本；附件名：海上、通海水域货运代理合同纠纷.doc。当前本地 curl/Python 下载尝试出现 TLS SSL_ERROR_SYSCALL/EOF，未取得正文，不作为正式生成模板。
2025年示范文本：海上、通海水域人身损害责任纠纷,海上、通海水域人身损害责任纠纷起诉状/答辩状,maritime,party,false,C,平原县人民法院（转载最高法、司法部、中华全国律师协会示范文本）,https://www.sdcourt.gov.cn/dzpyfy/393147/393148/393150/43509906/index.html,2025-08-26,2026-05-02,skills/legal-document-drafting/assets/official_reference_only/maritime/2025-67-39-海上-通海水域人身损害责任纠纷.md,official_reference_only,转载最高法、司法部、全国律协示范文本；附件名：海上、通海水域人身损害责任纠纷.doc。当前本地 curl/Python 下载尝试出现 TLS SSL_ERROR_SYSCALL/EOF，未取得正文，不作为正式生成模板。
2025年示范文本：行政处罚,行政处罚行政起诉状/答辩状,administrative,party,false,C,平原县人民法院（转载最高法、司法部、中华全国律师协会示范文本）,https://www.sdcourt.gov.cn/dzpyfy/393147/393148/393150/43509906/index.html,2025-08-26,2026-05-02,skills/legal-document-drafting/assets/official_reference_only/administrative/2025-67-40-行政处罚.md,official_reference_only,转载最高法、司法部、全国律协示范文本；附件名：行政处罚.docx。当前本地 curl/Python 下载尝试出现 TLS SSL_ERROR_SYSCALL/EOF，未取得正文，不作为正式生成模板。
2025年示范文本：行政强制执行,行政强制执行行政起诉状/答辩状,administrative,party,false,C,平原县人民法院（转载最高法、司法部、中华全国律师协会示范文本）,https://www.sdcourt.gov.cn/dzpyfy/393147/393148/393150/43509906/index.html,2025-08-26,2026-05-02,skills/legal-document-drafting/assets/official_reference_only/administrative/2025-67-41-行政强制执行.md,official_reference_only,转载最高法、司法部、全国律协示范文本；附件名：行政强制执行.docx。当前本地 curl/Python 下载尝试出现 TLS SSL_ERROR_SYSCALL/EOF，未取得正文，不作为正式生成模板。
2025年示范文本：行政许可,行政许可行政起诉状/答辩状,administrative,party,false,C,平原县人民法院（转载最高法、司法部、中华全国律师协会示范文本）,https://www.sdcourt.gov.cn/dzpyfy/393147/393148/393150/43509906/index.html,2025-08-26,2026-05-02,skills/legal-document-drafting/assets/official_reference_only/administrative/2025-67-42-行政许可.md,official_reference_only,转载最高法、司法部、全国律协示范文本；附件名：行政许可.docx。当前本地 curl/Python 下载尝试出现 TLS SSL_ERROR_SYSCALL/EOF，未取得正文，不作为正式生成模板。
2025年示范文本：国有土地上房屋征收决定,国有土地上房屋征收决定行政起诉状/答辩状,administrative,party,false,C,平原县人民法院（转载最高法、司法部、中华全国律师协会示范文本）,https://www.sdcourt.gov.cn/dzpyfy/393147/393148/393150/43509906/index.html,2025-08-26,2026-05-02,skills/legal-document-drafting/assets/official_reference_only/administrative/2025-67-43-国有土地上房屋征收决定.md,official_reference_only,转载最高法、司法部、全国律协示范文本；附件名：国有土地上房屋征收决定.docx。当前本地 curl/Python 下载尝试出现 TLS SSL_ERROR_SYSCALL/EOF，未取得正文，不作为正式生成模板。
2025年示范文本：工伤保险资格或者待遇认定,工伤保险资格或者待遇认定行政起诉状/答辩状,administrative,party,false,C,平原县人民法院（转载最高法、司法部、中华全国律师协会示范文本）,https://www.sdcourt.gov.cn/dzpyfy/393147/393148/393150/43509906/index.html,2025-08-26,2026-05-02,skills/legal-document-drafting/assets/official_reference_only/administrative/2025-67-44-工伤保险资格或者待遇认定.md,official_reference_only,转载最高法、司法部、全国律协示范文本；附件名：工伤保险资格或者待遇认定.docx。当前本地 curl/Python 下载尝试出现 TLS SSL_ERROR_SYSCALL/EOF，未取得正文，不作为正式生成模板。
2025年示范文本：政府信息公开,政府信息公开行政起诉状/答辩状,administrative,party,false,C,平原县人民法院（转载最高法、司法部、中华全国律师协会示范文本）,https://www.sdcourt.gov.cn/dzpyfy/393147/393148/393150/43509906/index.html,2025-08-26,2026-05-02,skills/legal-document-drafting/assets/official_reference_only/administrative/2025-67-45-政府信息公开.md,official_reference_only,转载最高法、司法部、全国律协示范文本；附件名：政府信息公开.docx。当前本地 curl/Python 下载尝试出现 TLS SSL_ERROR_SYSCALL/EOF，未取得正文，不作为正式生成模板。
2025年示范文本：行政复议,行政复议行政起诉状/答辩状,administrative,party,false,C,平原县人民法院（转载最高法、司法部、中华全国律师协会示范文本）,https://www.sdcourt.gov.cn/dzpyfy/393147/393148/393150/43509906/index.html,2025-08-26,2026-05-02,skills/legal-document-drafting/assets/official_reference_only/administrative/2025-67-46-行政复议.md,official_reference_only,转载最高法、司法部、全国律协示范文本；附件名：行政复议.docx。当前本地 curl/Python 下载尝试出现 TLS SSL_ERROR_SYSCALL/EOF，未取得正文，不作为正式生成模板。
2025年示范文本：行政协议,行政协议行政起诉状/答辩状,administrative,party,false,C,平原县人民法院（转载最高法、司法部、中华全国律师协会示范文本）,https://www.sdcourt.gov.cn/dzpyfy/393147/393148/393150/43509906/index.html,2025-08-26,2026-05-02,skills/legal-document-drafting/assets/official_reference_only/administrative/2025-67-47-行政协议.md,official_reference_only,转载最高法、司法部、全国律协示范文本；附件名：行政协议.docx。当前本地 curl/Python 下载尝试出现 TLS SSL_ERROR_SYSCALL/EOF，未取得正文，不作为正式生成模板。
2025年示范文本：行政补偿,行政补偿行政起诉状/答辩状,administrative,party,false,C,平原县人民法院（转载最高法、司法部、中华全国律师协会示范文本）,https://www.sdcourt.gov.cn/dzpyfy/393147/393148/393150/43509906/index.html,2025-08-26,2026-05-02,skills/legal-document-drafting/assets/official_reference_only/administrative/2025-67-48-行政补偿.md,official_reference_only,转载最高法、司法部、全国律协示范文本；附件名：行政补偿.docx。当前本地 curl/Python 下载尝试出现 TLS SSL_ERROR_SYSCALL/EOF，未取得正文，不作为正式生成模板。
2025年示范文本：行政赔偿,行政赔偿行政起诉状/答辩状,administrative,party,false,C,平原县人民法院（转载最高法、司法部、中华全国律师协会示范文本）,https://www.sdcourt.gov.cn/dzpyfy/393147/393148/393150/43509906/index.html,2025-08-26,2026-05-02,skills/legal-document-drafting/assets/official_reference_only/administrative/2025-67-49-行政赔偿.md,official_reference_only,转载最高法、司法部、全国律协示范文本；附件名：行政赔偿.docx。当前本地 curl/Python 下载尝试出现 TLS SSL_ERROR_SYSCALL/EOF，未取得正文，不作为正式生成模板。
2025年示范文本：不履行法定职责,不履行法定职责行政起诉状/答辩状,administrative,party,false,C,平原县人民法院（转载最高法、司法部、中华全国律师协会示范文本）,https://www.sdcourt.gov.cn/dzpyfy/393147/393148/393150/43509906/index.html,2025-08-26,2026-05-02,skills/legal-document-drafting/assets/official_reference_only/administrative/2025-67-50-不履行法定职责.md,official_reference_only,转载最高法、司法部、全国律协示范文本；附件名：不履行法定职.docx。当前本地 curl/Python 下载尝试出现 TLS SSL_ERROR_SYSCALL/EOF，未取得正文，不作为正式生成模板。
2025年示范文本：行政答辩状,行政答辩状,administrative,party,false,C,平原县人民法院（转载最高法、司法部、中华全国律师协会示范文本）,https://www.sdcourt.gov.cn/dzpyfy/393147/393148/393150/43509906/index.html,2025-08-26,2026-05-02,skills/legal-document-drafting/assets/official_reference_only/administrative/2025-67-51-行政答辩状.md,official_reference_only,转载最高法、司法部、全国律协示范文本；附件名：行政答辩状.docx。当前本地 curl/Python 下载尝试出现 TLS SSL_ERROR_SYSCALL/EOF，未取得正文，不作为正式生成模板。
2025年示范文本：环境污染民事公益诉讼,环境污染民事公益诉讼起诉状,environmental_resources,party,false,C,平原县人民法院（转载最高法、司法部、中华全国律师协会示范文本）,https://www.sdcourt.gov.cn/dzpyfy/393147/393148/393150/43509906/index.html,2025-08-26,2026-05-02,skills/legal-document-drafting/assets/official_reference_only/environmental_resources/2025-67-52-环境污染民事公益诉讼.md,official_reference_only,转载最高法、司法部、全国律协示范文本；附件名：民事起诉状(环境污染民事公益诉讼).docx。当前本地 curl/Python 下载尝试出现 TLS SSL_ERROR_SYSCALL/EOF，未取得正文，不作为正式生成模板。
2025年示范文本：生态环境损害赔偿诉讼,生态环境损害赔偿诉讼起诉状,environmental_resources,party,false,C,平原县人民法院（转载最高法、司法部、中华全国律师协会示范文本）,https://www.sdcourt.gov.cn/dzpyfy/393147/393148/393150/43509906/index.html,2025-08-26,2026-05-02,skills/legal-document-drafting/assets/official_reference_only/environmental_resources/2025-67-53-生态环境损害赔偿诉讼.md,official_reference_only,转载最高法、司法部、全国律协示范文本；附件名：民事起诉状(生态环境损害赔偿诉讼).docx。当前本地 curl/Python 下载尝试出现 TLS SSL_ERROR_SYSCALL/EOF，未取得正文，不作为正式生成模板。
2025年示范文本：生态破坏民事公益诉讼,生态破坏民事公益诉讼起诉状,environmental_resources,party,false,C,平原县人民法院（转载最高法、司法部、中华全国律师协会示范文本）,https://www.sdcourt.gov.cn/dzpyfy/393147/393148/393150/43509906/index.html,2025-08-26,2026-05-02,skills/legal-document-drafting/assets/official_reference_only/environmental_resources/2025-67-54-生态破坏民事公益诉讼.md,official_reference_only,转载最高法、司法部、全国律协示范文本；附件名：民事起诉状(生态破坏民事公益诉讼).docx。当前本地 curl/Python 下载尝试出现 TLS SSL_ERROR_SYSCALL/EOF，未取得正文，不作为正式生成模板。
2025年示范文本：违法刑事拘留赔偿,违法刑事拘留赔偿国家赔偿申请书/答辩状,state_compensation,party,false,C,平原县人民法院（转载最高法、司法部、中华全国律师协会示范文本）,https://www.sdcourt.gov.cn/dzpyfy/393147/393148/393150/43509906/index.html,2025-08-26,2026-05-02,skills/legal-document-drafting/assets/official_reference_only/state_compensation/2025-67-55-违法刑事拘留赔偿.md,official_reference_only,转载最高法、司法部、全国律协示范文本；附件名：违法刑事拘留赔偿.docx。当前本地 curl/Python 下载尝试出现 TLS SSL_ERROR_SYSCALL/EOF，未取得正文，不作为正式生成模板。
2025年示范文本：刑事改判无罪赔偿,刑事改判无罪赔偿国家赔偿申请书/答辩状,state_compensation,party,false,C,平原县人民法院（转载最高法、司法部、中华全国律师协会示范文本）,https://www.sdcourt.gov.cn/dzpyfy/393147/393148/393150/43509906/index.html,2025-08-26,2026-05-02,skills/legal-document-drafting/assets/official_reference_only/state_compensation/2025-67-56-刑事改判无罪赔偿.md,official_reference_only,转载最高法、司法部、全国律协示范文本；附件名：刑事改判无罪赔偿.docx。当前本地 curl/Python 下载尝试出现 TLS SSL_ERROR_SYSCALL/EOF，未取得正文，不作为正式生成模板。
2025年示范文本：怠于履行监管职责致伤致死赔偿,怠于履行监管职责致伤致死赔偿国家赔偿申请书/答辩状,state_compensation,party,false,C,平原县人民法院（转载最高法、司法部、中华全国律师协会示范文本）,https://www.sdcourt.gov.cn/dzpyfy/393147/393148/393150/43509906/index.html,2025-08-26,2026-05-02,skills/legal-document-drafting/assets/official_reference_only/state_compensation/2025-67-57-怠于履行监管职责致伤致死赔偿.md,official_reference_only,转载最高法、司法部、全国律协示范文本；附件名：怠于履行监管职责致伤致死赔偿.docx。当前本地 curl/Python 下载尝试出现 TLS SSL_ERROR_SYSCALL/EOF，未取得正文，不作为正式生成模板。
2025年示范文本：错误执行赔偿,错误执行赔偿国家赔偿申请书/答辩状,state_compensation,party,false,C,平原县人民法院（转载最高法、司法部、中华全国律师协会示范文本）,https://www.sdcourt.gov.cn/dzpyfy/393147/393148/393150/43509906/index.html,2025-08-26,2026-05-02,skills/legal-document-drafting/assets/official_reference_only/state_compensation/2025-67-58-错误执行赔偿.md,official_reference_only,转载最高法、司法部、全国律协示范文本；附件名：错误执行赔偿.docx。当前本地 curl/Python 下载尝试出现 TLS SSL_ERROR_SYSCALL/EOF，未取得正文，不作为正式生成模板。
2025年示范文本：强制执行申请书,强制执行申请书,enforcement,party,false,C,平原县人民法院（转载最高法、司法部、中华全国律师协会示范文本）,https://www.sdcourt.gov.cn/dzpyfy/393147/393148/393150/43509906/index.html,2025-08-26,2026-05-02,skills/legal-document-drafting/assets/official_reference_only/enforcement/2025-67-59-强制执行申请书.md,official_reference_only,转载最高法、司法部、全国律协示范文本；附件名：强制执行申请书.docx。当前本地 curl/Python 下载尝试出现 TLS SSL_ERROR_SYSCALL/EOF，未取得正文，不作为正式生成模板。
2025年示范文本：暂时解除乘坐飞机、高铁限制措施申请书,暂时解除乘坐飞机、高铁限制措施申请书,enforcement,party,false,C,平原县人民法院（转载最高法、司法部、中华全国律师协会示范文本）,https://www.sdcourt.gov.cn/dzpyfy/393147/393148/393150/43509906/index.html,2025-08-26,2026-05-02,skills/legal-document-drafting/assets/official_reference_only/enforcement/2025-67-60-暂时解除乘坐飞机-高铁限制措施申请书.md,official_reference_only,转载最高法、司法部、全国律协示范文本；附件名：暂时解除乘坐飞机、高铁限制措施申请书.docx。当前本地 curl/Python 下载尝试出现 TLS SSL_ERROR_SYSCALL/EOF，未取得正文，不作为正式生成模板。
2025年示范文本：参与分配申请书,参与分配申请书,enforcement,party,false,C,平原县人民法院（转载最高法、司法部、中华全国律师协会示范文本）,https://www.sdcourt.gov.cn/dzpyfy/393147/393148/393150/43509906/index.html,2025-08-26,2026-05-02,skills/legal-document-drafting/assets/official_reference_only/enforcement/2025-67-61-参与分配申请书.md,official_reference_only,转载最高法、司法部、全国律协示范文本；附件名：参与分配申请书.docx。当前本地 curl/Python 下载尝试出现 TLS SSL_ERROR_SYSCALL/EOF，未取得正文，不作为正式生成模板。
2025年示范文本：执行担保申请书,执行担保申请书,enforcement,party,false,C,平原县人民法院（转载最高法、司法部、中华全国律师协会示范文本）,https://www.sdcourt.gov.cn/dzpyfy/393147/393148/393150/43509906/index.html,2025-08-26,2026-05-02,skills/legal-document-drafting/assets/official_reference_only/enforcement/2025-67-62-执行担保申请书.md,official_reference_only,转载最高法、司法部、全国律协示范文本；附件名：执行担保申请书.docx。当前本地 curl/Python 下载尝试出现 TLS SSL_ERROR_SYSCALL/EOF，未取得正文，不作为正式生成模板。
2025年示范文本：确认优先购买权申请书,确认优先购买权申请书,enforcement,party,false,C,平原县人民法院（转载最高法、司法部、中华全国律师协会示范文本）,https://www.sdcourt.gov.cn/dzpyfy/393147/393148/393150/43509906/index.html,2025-08-26,2026-05-02,skills/legal-document-drafting/assets/official_reference_only/enforcement/2025-67-63-确认优先购买权申请书.md,official_reference_only,转载最高法、司法部、全国律协示范文本；附件名：确认优先购买权申请书.docx。当前本地 curl/Python 下载尝试出现 TLS SSL_ERROR_SYSCALL/EOF，未取得正文，不作为正式生成模板。
2025年示范文本：执行异议申请书,执行异议申请书,enforcement,party,false,C,平原县人民法院（转载最高法、司法部、中华全国律师协会示范文本）,https://www.sdcourt.gov.cn/dzpyfy/393147/393148/393150/43509906/index.html,2025-08-26,2026-05-02,skills/legal-document-drafting/assets/official_reference_only/enforcement/2025-67-64-执行异议申请书.md,official_reference_only,转载最高法、司法部、全国律协示范文本；附件名：执行异议申请书.docx。当前本地 curl/Python 下载尝试出现 TLS SSL_ERROR_SYSCALL/EOF，未取得正文，不作为正式生成模板。
2025年示范文本：执行复议申请书,执行复议申请书,enforcement,party,false,C,平原县人民法院（转载最高法、司法部、中华全国律师协会示范文本）,https://www.sdcourt.gov.cn/dzpyfy/393147/393148/393150/43509906/index.html,2025-08-26,2026-05-02,skills/legal-document-drafting/assets/official_reference_only/enforcement/2025-67-65-执行复议申请书.md,official_reference_only,转载最高法、司法部、全国律协示范文本；附件名：执行复议申请书.docx。当前本地 curl/Python 下载尝试出现 TLS SSL_ERROR_SYSCALL/EOF，未取得正文，不作为正式生成模板。
2025年示范文本：执行监督申请书,执行监督申请书,enforcement,party,false,C,平原县人民法院（转载最高法、司法部、中华全国律师协会示范文本）,https://www.sdcourt.gov.cn/dzpyfy/393147/393148/393150/43509906/index.html,2025-08-26,2026-05-02,skills/legal-document-drafting/assets/official_reference_only/enforcement/2025-67-66-执行监督申请书.md,official_reference_only,转载最高法、司法部、全国律协示范文本；附件名：执行监督申请书.docx。当前本地 curl/Python 下载尝试出现 TLS SSL_ERROR_SYSCALL/EOF，未取得正文，不作为正式生成模板。
2025年示范文本：不予执行仲裁裁决、调解书或公证债权文书申请书,不予执行仲裁裁决、调解书或公证债权文书申请书,enforcement,party,false,C,平原县人民法院（转载最高法、司法部、中华全国律师协会示范文本）,https://www.sdcourt.gov.cn/dzpyfy/393147/393148/393150/43509906/index.html,2025-08-26,2026-05-02,skills/legal-document-drafting/assets/official_reference_only/enforcement/2025-67-67-不予执行仲裁裁决-调解书或公证债权文书申请书.md,official_reference_only,转载最高法、司法部、全国律协示范文本；附件名：不予执行仲裁裁决、调解书或公证债权文书申请书.docx。当前本地 curl/Python 下载尝试出现 TLS SSL_ERROR_SYSCALL/EOF，未取得正文，不作为正式生成模板。
2025年67类起诉状答辩状示范文本逐类索引,官方示范文本索引,other,party,false,A,最高人民法院、司法部、中华全国律师协会,https://www.court.gov.cn/fabu/xiangqing/468671.html,2025-06-23,2026-05-02,skills/legal-document-drafting/references/official_rules/2025_67_demonstration_texts_index.md,official_reference_only,最高法发布页确认67类示范文本；逐类状态见 source_manifest/2025_67_texts_status.csv。
民事反诉状（公民提起民事反诉用）,最高人民法院诉讼文书样式索引,civil,party,false,A,中华人民共和国最高人民法院,https://www.court.gov.cn/susongyangshi/75.html,2016-09-28,2026-05-02,skills/legal-document-drafting/assets/official_reference_only/civil/spc-2016-reference-民事反诉状-公民提起民事反诉用.md,official_reference_only,最高法官网诉讼文书样式；当前仅建立索引或结构参考，未机械复制正文。
民事反诉状（法人或者其他组织提起民事反诉用）,最高人民法院诉讼文书样式索引,civil,party,false,A,中华人民共和国最高人民法院,https://www.court.gov.cn/susongyangshi/75.html,2016-09-28,2026-05-02,skills/legal-document-drafting/assets/official_reference_only/civil/spc-2016-reference-民事反诉状-法人或者其他组织提起民事反诉用.md,official_reference_only,最高法官网诉讼文书样式；当前仅建立索引或结构参考，未机械复制正文。
民事答辩状（法人或者其他组织对民事起诉提出答辩用）,最高人民法院诉讼文书样式索引,civil,party,false,A,中华人民共和国最高人民法院,https://www.court.gov.cn/susongyangshi/xiangqing/224.html,2016-09-28,2026-05-02,skills/legal-document-drafting/assets/official_reference_only/civil/spc-2016-reference-民事答辩状-法人或者其他组织对民事起诉提出答辩用.md,official_reference_only,最高法官网诉讼文书样式；当前仅建立索引或结构参考，未机械复制正文。
申请书（申请追加必要的共同诉讼当事人用）,最高人民法院诉讼文书样式索引,civil,party,false,A,中华人民共和国最高人民法院,https://www.court.gov.cn/susongyangshi/75.html,2016-09-28,2026-05-02,skills/legal-document-drafting/assets/official_reference_only/civil/spc-2016-reference-申请书-申请追加必要的共同诉讼当事人用.md,official_reference_only,最高法官网诉讼文书样式；当前仅建立索引或结构参考，未机械复制正文。
申请书（无独立请求权的第三人申请参加诉讼用）,最高人民法院诉讼文书样式索引,civil,party,false,A,中华人民共和国最高人民法院,https://www.court.gov.cn/susongyangshi/75.html,2016-09-28,2026-05-02,skills/legal-document-drafting/assets/official_reference_only/civil/spc-2016-reference-申请书-无独立请求权的第三人申请参加诉讼用.md,official_reference_only,最高法官网诉讼文书样式；当前仅建立索引或结构参考，未机械复制正文。
申请书（申请增加诉讼请求用）,最高人民法院诉讼文书样式索引,civil,party,false,A,中华人民共和国最高人民法院,https://www.court.gov.cn/susongyangshi/75.html,2016-09-28,2026-05-02,skills/legal-document-drafting/assets/official_reference_only/civil/spc-2016-reference-申请书-申请增加诉讼请求用.md,official_reference_only,最高法官网诉讼文书样式；当前仅建立索引或结构参考，未机械复制正文。
申请书（申请变更诉讼请求用）,最高人民法院诉讼文书样式索引,civil,party,false,A,中华人民共和国最高人民法院,https://www.court.gov.cn/susongyangshi/75.html,2016-09-28,2026-05-02,skills/legal-document-drafting/assets/official_reference_only/civil/spc-2016-reference-申请书-申请变更诉讼请求用.md,official_reference_only,最高法官网诉讼文书样式；当前仅建立索引或结构参考，未机械复制正文。
申请书（申请撤回起诉用）,最高人民法院诉讼文书样式索引,civil,party,false,A,中华人民共和国最高人民法院,https://www.court.gov.cn/susongyangshi/75.html,2016-09-28,2026-05-02,skills/legal-document-drafting/assets/official_reference_only/civil/spc-2016-reference-申请书-申请撤回起诉用.md,official_reference_only,最高法官网诉讼文书样式；当前仅建立索引或结构参考，未机械复制正文。
申请书（申请撤回反诉用）,最高人民法院诉讼文书样式索引,civil,party,false,A,中华人民共和国最高人民法院,https://www.court.gov.cn/susongyangshi/75.html,2016-09-28,2026-05-02,skills/legal-document-drafting/assets/official_reference_only/civil/spc-2016-reference-申请书-申请撤回反诉用.md,official_reference_only,最高法官网诉讼文书样式；当前仅建立索引或结构参考，未机械复制正文。
申请书（申请恢复诉讼用）,最高人民法院诉讼文书样式索引,civil,party,false,A,中华人民共和国最高人民法院,https://www.court.gov.cn/susongyangshi/75.html,2016-09-28,2026-05-02,skills/legal-document-drafting/assets/official_reference_only/civil/spc-2016-reference-申请书-申请恢复诉讼用.md,official_reference_only,最高法官网诉讼文书样式；当前仅建立索引或结构参考，未机械复制正文。
民事起诉状（提起公益诉讼用）,最高人民法院诉讼文书样式索引,environmental_resources,party,false,A,中华人民共和国最高人民法院,https://www.court.gov.cn/susongyangshi/xiangqing/318.html,2016-09-28,2026-05-02,skills/legal-document-drafting/assets/official_reference_only/environmental_resources/spc-2016-reference-民事起诉状-提起公益诉讼用.md,official_reference_only,最高法官网诉讼文书样式；当前仅建立索引或结构参考，未机械复制正文。
申请书（其他机关和有关组织申请参加公益诉讼用）,最高人民法院诉讼文书样式索引,environmental_resources,party,false,A,中华人民共和国最高人民法院,https://www.court.gov.cn/susongyangshi/78.html,2016-09-28,2026-05-02,skills/legal-document-drafting/assets/official_reference_only/environmental_resources/spc-2016-reference-申请书-其他机关和有关组织申请参加公益诉讼用.md,official_reference_only,最高法官网诉讼文书样式；当前仅建立索引或结构参考，未机械复制正文。
意见书（支持起诉单位提交书面意见用）,最高人民法院诉讼文书样式索引,environmental_resources,party,false,A,中华人民共和国最高人民法院,https://www.court.gov.cn/susongyangshi/78.html,2016-09-28,2026-05-02,skills/legal-document-drafting/assets/official_reference_only/environmental_resources/spc-2016-reference-意见书-支持起诉单位提交书面意见用.md,official_reference_only,最高法官网诉讼文书样式；当前仅建立索引或结构参考，未机械复制正文。
行政起诉状,最高人民法院诉讼文书样式索引,administrative,party,false,A,中华人民共和国最高人民法院,https://www.court.gov.cn/susongyangshi/xiangqing/752.html,2016-09-28,2026-05-02,skills/legal-document-drafting/assets/official_reference_only/administrative/spc-2016-reference-行政起诉状.md,official_reference_only,最高法官网诉讼文书样式；当前仅建立索引或结构参考，未机械复制正文。
民事起诉状（案外人提起执行异议之诉用）,最高人民法院诉讼文书样式索引,enforcement,party,false,A,中华人民共和国最高人民法院,https://www.court.gov.cn/susongyangshi/xiangqing/361.html,2016-09-28,2026-05-02,skills/legal-document-drafting/assets/official_reference_only/enforcement/spc-2016-reference-民事起诉状-案外人提起执行异议之诉用.md,official_reference_only,最高法官网诉讼文书样式；当前仅建立索引或结构参考，未机械复制正文。
民事起诉状（申请执行人提起执行异议之诉用）,最高人民法院诉讼文书样式索引,enforcement,party,false,A,中华人民共和国最高人民法院,https://www.court.gov.cn/susongyangshi/xiangqing/370.html,2016-09-28,2026-05-02,skills/legal-document-drafting/assets/official_reference_only/enforcement/spc-2016-reference-民事起诉状-申请执行人提起执行异议之诉用.md,official_reference_only,最高法官网诉讼文书样式；当前仅建立索引或结构参考，未机械复制正文。
民事起诉状（提起第三人撤销之诉用）,最高人民法院诉讼文书样式索引,civil,party,false,A,中华人民共和国最高人民法院,https://www.court.gov.cn/susongyangshi/xiangqing/353.html,2016-09-28,2026-05-02,skills/legal-document-drafting/assets/official_reference_only/civil/spc-2016-reference-民事起诉状-提起第三人撤销之诉用.md,official_reference_only,最高法官网诉讼文书样式；当前仅建立索引或结构参考，未机械复制正文。
取保候审申请书,刑事案件律师/当事人文书起草指南,criminal,lawyer,false,A,全国人民代表大会或最高人民检察院,https://www.npc.gov.cn/npc/c2/c12435/201905/t20190521_276591.html,2018-11-05,2026-05-02,skills/legal-document-drafting/references/criminal_defense_guides/取保候审申请书.md,guide_collected,已检索来源：全国人大刑事诉讼法、最高检羁押必要性审查规则。未找到统一官方模板时，只能作为参考草稿依据并需律师复核。
变更强制措施申请书,刑事案件律师/当事人文书起草指南,criminal,lawyer,false,A,全国人民代表大会或最高人民检察院,https://www.npc.gov.cn/npc/c2/c12435/201905/t20190521_276591.html,2018-11-05,2026-05-02,skills/legal-document-drafting/references/criminal_defense_guides/变更强制措施申请书.md,guide_collected,已检索来源：全国人大刑事诉讼法、最高检羁押必要性审查规则。未找到统一官方模板时，只能作为参考草稿依据并需律师复核。
解除取保候审申请书,刑事案件律师/当事人文书起草指南,criminal,lawyer,false,A,全国人民代表大会或最高人民检察院,https://www.npc.gov.cn/npc/c2/c12435/201905/t20190521_276591.html,2018-11-05,2026-05-02,skills/legal-document-drafting/references/criminal_defense_guides/解除取保候审申请书.md,guide_collected,已检索来源：全国人大刑事诉讼法、最高检羁押必要性审查规则。未找到统一官方模板时，只能作为参考草稿依据并需律师复核。
解除监视居住申请书,刑事案件律师/当事人文书起草指南,criminal,lawyer,false,A,全国人民代表大会或最高人民检察院,https://www.npc.gov.cn/npc/c2/c12435/201905/t20190521_276591.html,2018-11-05,2026-05-02,skills/legal-document-drafting/references/criminal_defense_guides/解除监视居住申请书.md,guide_collected,已检索来源：全国人大刑事诉讼法、最高检羁押必要性审查规则。未找到统一官方模板时，只能作为参考草稿依据并需律师复核。
会见犯罪嫌疑人申请书,刑事案件律师/当事人文书起草指南,criminal,lawyer,false,A,全国人民代表大会或最高人民检察院,https://www.npc.gov.cn/npc/c2/c12435/201905/t20190521_276591.html,2018-11-05,2026-05-02,skills/legal-document-drafting/references/criminal_defense_guides/会见犯罪嫌疑人申请书.md,guide_collected,已检索来源：全国人大刑事诉讼法、最高检羁押必要性审查规则。未找到统一官方模板时，只能作为参考草稿依据并需律师复核。
会见在押犯罪嫌疑人函,刑事案件律师/当事人文书起草指南,criminal,lawyer,false,A,全国人民代表大会或最高人民检察院,https://www.npc.gov.cn/npc/c2/c12435/201905/t20190521_276591.html,2018-11-05,2026-05-02,skills/legal-document-drafting/references/criminal_defense_guides/会见在押犯罪嫌疑人函.md,guide_collected,已检索来源：全国人大刑事诉讼法、最高检羁押必要性审查规则。未找到统一官方模板时，只能作为参考草稿依据并需律师复核。
通信申请,刑事案件律师/当事人文书起草指南,criminal,lawyer,false,A,全国人民代表大会或最高人民检察院,https://www.npc.gov.cn/npc/c2/c12435/201905/t20190521_276591.html,2018-11-05,2026-05-02,skills/legal-document-drafting/references/criminal_defense_guides/通信申请.md,guide_collected,已检索来源：全国人大刑事诉讼法、最高检羁押必要性审查规则。未找到统一官方模板时，只能作为参考草稿依据并需律师复核。
阅卷申请书,刑事案件律师/当事人文书起草指南,criminal,lawyer,false,A,全国人民代表大会或最高人民检察院,https://www.npc.gov.cn/npc/c2/c12435/201905/t20190521_276591.html,2018-11-05,2026-05-02,skills/legal-document-drafting/references/criminal_defense_guides/阅卷申请书.md,guide_collected,已检索来源：全国人大刑事诉讼法、最高检羁押必要性审查规则。未找到统一官方模板时，只能作为参考草稿依据并需律师复核。
调取证据申请书,刑事案件律师/当事人文书起草指南,criminal,lawyer,false,A,全国人民代表大会或最高人民检察院,https://www.npc.gov.cn/npc/c2/c12435/201905/t20190521_276591.html,2018-11-05,2026-05-02,skills/legal-document-drafting/references/criminal_defense_guides/调取证据申请书.md,guide_collected,已检索来源：全国人大刑事诉讼法、最高检羁押必要性审查规则。未找到统一官方模板时，只能作为参考草稿依据并需律师复核。
收集证据申请书,刑事案件律师/当事人文书起草指南,criminal,lawyer,false,A,全国人民代表大会或最高人民检察院,https://www.npc.gov.cn/npc/c2/c12435/201905/t20190521_276591.html,2018-11-05,2026-05-02,skills/legal-document-drafting/references/criminal_defense_guides/收集证据申请书.md,guide_collected,已检索来源：全国人大刑事诉讼法、最高检羁押必要性审查规则。未找到统一官方模板时，只能作为参考草稿依据并需律师复核。
不予批准逮捕法律意见书,刑事案件律师/当事人文书起草指南,criminal,lawyer,false,A,全国人民代表大会或最高人民检察院,https://www.npc.gov.cn/npc/c2/c12435/201905/t20190521_276591.html,2018-11-05,2026-05-02,skills/legal-document-drafting/references/criminal_defense_guides/不予批准逮捕法律意见书.md,guide_collected,已检索来源：全国人大刑事诉讼法、最高检羁押必要性审查规则。未找到统一官方模板时，只能作为参考草稿依据并需律师复核。
羁押必要性审查申请书,刑事案件律师/当事人文书起草指南,criminal,lawyer,false,A,全国人民代表大会或最高人民检察院,https://www.spp.gov.cn/spp/zdgz/201602/t20160202_112046.shtml,2016-02-02,2026-05-02,skills/legal-document-drafting/references/criminal_defense_guides/羁押必要性审查申请书.md,guide_collected,已检索来源：全国人大刑事诉讼法、最高检羁押必要性审查规则。未找到统一官方模板时，只能作为参考草稿依据并需律师复核。
侦查阶段法律意见书,刑事案件律师/当事人文书起草指南,criminal,lawyer,false,A,全国人民代表大会或最高人民检察院,https://www.npc.gov.cn/npc/c2/c12435/201905/t20190521_276591.html,2018-11-05,2026-05-02,skills/legal-document-drafting/references/criminal_defense_guides/侦查阶段法律意见书.md,guide_collected,已检索来源：全国人大刑事诉讼法、最高检羁押必要性审查规则。未找到统一官方模板时，只能作为参考草稿依据并需律师复核。
控告申诉材料,刑事案件律师/当事人文书起草指南,criminal,lawyer,false,A,全国人民代表大会或最高人民检察院,https://www.npc.gov.cn/npc/c2/c12435/201905/t20190521_276591.html,2018-11-05,2026-05-02,skills/legal-document-drafting/references/criminal_defense_guides/控告申诉材料.md,guide_collected,已检索来源：全国人大刑事诉讼法、最高检羁押必要性审查规则。未找到统一官方模板时，只能作为参考草稿依据并需律师复核。
立案监督申请书,刑事案件律师/当事人文书起草指南,criminal,lawyer,false,A,全国人民代表大会或最高人民检察院,https://www.npc.gov.cn/npc/c2/c12435/201905/t20190521_276591.html,2018-11-05,2026-05-02,skills/legal-document-drafting/references/criminal_defense_guides/立案监督申请书.md,guide_collected,已检索来源：全国人大刑事诉讼法、最高检羁押必要性审查规则。未找到统一官方模板时，只能作为参考草稿依据并需律师复核。
撤销案件法律意见书,刑事案件律师/当事人文书起草指南,criminal,lawyer,false,A,全国人民代表大会或最高人民检察院,https://www.npc.gov.cn/npc/c2/c12435/201905/t20190521_276591.html,2018-11-05,2026-05-02,skills/legal-document-drafting/references/criminal_defense_guides/撤销案件法律意见书.md,guide_collected,已检索来源：全国人大刑事诉讼法、最高检羁押必要性审查规则。未找到统一官方模板时，只能作为参考草稿依据并需律师复核。
复制案卷材料申请,刑事案件律师/当事人文书起草指南,criminal,lawyer,false,A,全国人民代表大会或最高人民检察院,https://www.npc.gov.cn/npc/c2/c12435/201905/t20190521_276591.html,2018-11-05,2026-05-02,skills/legal-document-drafting/references/criminal_defense_guides/复制案卷材料申请.md,guide_collected,已检索来源：全国人大刑事诉讼法、最高检羁押必要性审查规则。未找到统一官方模板时，只能作为参考草稿依据并需律师复核。
补充侦查申请或意见,刑事案件律师/当事人文书起草指南,criminal,lawyer,false,A,全国人民代表大会或最高人民检察院,https://www.npc.gov.cn/npc/c2/c12435/201905/t20190521_276591.html,2018-11-05,2026-05-02,skills/legal-document-drafting/references/criminal_defense_guides/补充侦查申请或意见.md,guide_collected,已检索来源：全国人大刑事诉讼法、最高检羁押必要性审查规则。未找到统一官方模板时，只能作为参考草稿依据并需律师复核。
不起诉法律意见书,刑事案件律师/当事人文书起草指南,criminal,lawyer,false,A,全国人民代表大会或最高人民检察院,https://www.npc.gov.cn/npc/c2/c12435/201905/t20190521_276591.html,2018-11-05,2026-05-02,skills/legal-document-drafting/references/criminal_defense_guides/不起诉法律意见书.md,guide_collected,已检索来源：全国人大刑事诉讼法、最高检羁押必要性审查规则。未找到统一官方模板时，只能作为参考草稿依据并需律师复核。
相对不起诉法律意见书,刑事案件律师/当事人文书起草指南,criminal,lawyer,false,A,全国人民代表大会或最高人民检察院,https://www.npc.gov.cn/npc/c2/c12435/201905/t20190521_276591.html,2018-11-05,2026-05-02,skills/legal-document-drafting/references/criminal_defense_guides/相对不起诉法律意见书.md,guide_collected,已检索来源：全国人大刑事诉讼法、最高检羁押必要性审查规则。未找到统一官方模板时，只能作为参考草稿依据并需律师复核。
附条件不起诉意见,刑事案件律师/当事人文书起草指南,criminal,lawyer,false,A,全国人民代表大会或最高人民检察院,https://www.npc.gov.cn/npc/c2/c12435/201905/t20190521_276591.html,2018-11-05,2026-05-02,skills/legal-document-drafting/references/criminal_defense_guides/附条件不起诉意见.md,guide_collected,已检索来源：全国人大刑事诉讼法、最高检羁押必要性审查规则。未找到统一官方模板时，只能作为参考草稿依据并需律师复核。
认罪认罚从宽法律意见,刑事案件律师/当事人文书起草指南,criminal,lawyer,false,A,全国人民代表大会或最高人民检察院,https://www.npc.gov.cn/npc/c2/c12435/201905/t20190521_276591.html,2018-11-05,2026-05-02,skills/legal-document-drafting/references/criminal_defense_guides/认罪认罚从宽法律意见.md,guide_collected,已检索来源：全国人大刑事诉讼法、最高检羁押必要性审查规则。未找到统一官方模板时，只能作为参考草稿依据并需律师复核。
认罪认罚具结书审查意见,刑事案件律师/当事人文书起草指南,criminal,lawyer,false,A,全国人民代表大会或最高人民检察院,https://www.npc.gov.cn/npc/c2/c12435/201905/t20190521_276591.html,2018-11-05,2026-05-02,skills/legal-document-drafting/references/criminal_defense_guides/认罪认罚具结书审查意见.md,guide_collected,已检索来源：全国人大刑事诉讼法、最高检羁押必要性审查规则。未找到统一官方模板时，只能作为参考草稿依据并需律师复核。
量刑建议调整意见,刑事案件律师/当事人文书起草指南,criminal,lawyer,false,A,全国人民代表大会或最高人民检察院,https://www.npc.gov.cn/npc/c2/c12435/201905/t20190521_276591.html,2018-11-05,2026-05-02,skills/legal-document-drafting/references/criminal_defense_guides/量刑建议调整意见.md,guide_collected,已检索来源：全国人大刑事诉讼法、最高检羁押必要性审查规则。未找到统一官方模板时，只能作为参考草稿依据并需律师复核。
非法证据排除申请书,刑事案件律师/当事人文书起草指南,criminal,lawyer,false,A,全国人民代表大会或最高人民检察院,https://www.npc.gov.cn/npc/c2/c12435/201905/t20190521_276591.html,2018-11-05,2026-05-02,skills/legal-document-drafting/references/criminal_defense_guides/非法证据排除申请书.md,guide_collected,已检索来源：全国人大刑事诉讼法、最高检羁押必要性审查规则。未找到统一官方模板时，只能作为参考草稿依据并需律师复核。
证人出庭申请书,刑事案件律师/当事人文书起草指南,criminal,lawyer,false,A,全国人民代表大会或最高人民检察院,https://www.npc.gov.cn/npc/c2/c12435/201905/t20190521_276591.html,2018-11-05,2026-05-02,skills/legal-document-drafting/references/criminal_defense_guides/证人出庭申请书.md,guide_collected,已检索来源：全国人大刑事诉讼法、最高检羁押必要性审查规则。未找到统一官方模板时，只能作为参考草稿依据并需律师复核。
鉴定人出庭申请书,刑事案件律师/当事人文书起草指南,criminal,lawyer,false,A,全国人民代表大会或最高人民检察院,https://www.npc.gov.cn/npc/c2/c12435/201905/t20190521_276591.html,2018-11-05,2026-05-02,skills/legal-document-drafting/references/criminal_defense_guides/鉴定人出庭申请书.md,guide_collected,已检索来源：全国人大刑事诉讼法、最高检羁押必要性审查规则。未找到统一官方模板时，只能作为参考草稿依据并需律师复核。
重新鉴定申请书,刑事案件律师/当事人文书起草指南,criminal,lawyer,false,A,全国人民代表大会或最高人民检察院,https://www.npc.gov.cn/npc/c2/c12435/201905/t20190521_276591.html,2018-11-05,2026-05-02,skills/legal-document-drafting/references/criminal_defense_guides/重新鉴定申请书.md,guide_collected,已检索来源：全国人大刑事诉讼法、最高检羁押必要性审查规则。未找到统一官方模板时，只能作为参考草稿依据并需律师复核。
庭前会议申请书,刑事案件律师/当事人文书起草指南,criminal,lawyer,false,A,全国人民代表大会或最高人民检察院,https://www.npc.gov.cn/npc/c2/c12435/201905/t20190521_276591.html,2018-11-05,2026-05-02,skills/legal-document-drafting/references/criminal_defense_guides/庭前会议申请书.md,guide_collected,已检索来源：全国人大刑事诉讼法、最高检羁押必要性审查规则。未找到统一官方模板时，只能作为参考草稿依据并需律师复核。
庭前会议意见,刑事案件律师/当事人文书起草指南,criminal,lawyer,false,A,全国人民代表大会或最高人民检察院,https://www.npc.gov.cn/npc/c2/c12435/201905/t20190521_276591.html,2018-11-05,2026-05-02,skills/legal-document-drafting/references/criminal_defense_guides/庭前会议意见.md,guide_collected,已检索来源：全国人大刑事诉讼法、最高检羁押必要性审查规则。未找到统一官方模板时，只能作为参考草稿依据并需律师复核。
有专门知识的人出庭申请书,刑事案件律师/当事人文书起草指南,criminal,lawyer,false,A,全国人民代表大会或最高人民检察院,https://www.npc.gov.cn/npc/c2/c12435/201905/t20190521_276591.html,2018-11-05,2026-05-02,skills/legal-document-drafting/references/criminal_defense_guides/有专门知识的人出庭申请书.md,guide_collected,已检索来源：全国人大刑事诉讼法、最高检羁押必要性审查规则。未找到统一官方模板时，只能作为参考草稿依据并需律师复核。
回避申请书,刑事案件律师/当事人文书起草指南,criminal,lawyer,false,A,全国人民代表大会或最高人民检察院,https://www.npc.gov.cn/npc/c2/c12435/201905/t20190521_276591.html,2018-11-05,2026-05-02,skills/legal-document-drafting/references/criminal_defense_guides/回避申请书.md,guide_collected,已检索来源：全国人大刑事诉讼法、最高检羁押必要性审查规则。未找到统一官方模板时，只能作为参考草稿依据并需律师复核。
管辖异议申请书,刑事案件律师/当事人文书起草指南,criminal,lawyer,false,A,全国人民代表大会或最高人民检察院,https://www.npc.gov.cn/npc/c2/c12435/201905/t20190521_276591.html,2018-11-05,2026-05-02,skills/legal-document-drafting/references/criminal_defense_guides/管辖异议申请书.md,guide_collected,已检索来源：全国人大刑事诉讼法、最高检羁押必要性审查规则。未找到统一官方模板时，只能作为参考草稿依据并需律师复核。
延期审理申请书,刑事案件律师/当事人文书起草指南,criminal,lawyer,false,A,全国人民代表大会或最高人民检察院,https://www.npc.gov.cn/npc/c2/c12435/201905/t20190521_276591.html,2018-11-05,2026-05-02,skills/legal-document-drafting/references/criminal_defense_guides/延期审理申请书.md,guide_collected,已检索来源：全国人大刑事诉讼法、最高检羁押必要性审查规则。未找到统一官方模板时，只能作为参考草稿依据并需律师复核。
重新开庭申请书,刑事案件律师/当事人文书起草指南,criminal,lawyer,false,A,全国人民代表大会或最高人民检察院,https://www.npc.gov.cn/npc/c2/c12435/201905/t20190521_276591.html,2018-11-05,2026-05-02,skills/legal-document-drafting/references/criminal_defense_guides/重新开庭申请书.md,guide_collected,已检索来源：全国人大刑事诉讼法、最高检羁押必要性审查规则。未找到统一官方模板时，只能作为参考草稿依据并需律师复核。
辩护词（无罪）,刑事案件律师/当事人文书起草指南,criminal,lawyer,false,A,全国人民代表大会或最高人民检察院,https://www.npc.gov.cn/npc/c2/c12435/201905/t20190521_276591.html,2018-11-05,2026-05-02,skills/legal-document-drafting/references/criminal_defense_guides/辩护词-无罪.md,guide_collected,已检索来源：全国人大刑事诉讼法、最高检羁押必要性审查规则。未找到统一官方模板时，只能作为参考草稿依据并需律师复核。
辩护词（罪轻）,刑事案件律师/当事人文书起草指南,criminal,lawyer,false,A,全国人民代表大会或最高人民检察院,https://www.npc.gov.cn/npc/c2/c12435/201905/t20190521_276591.html,2018-11-05,2026-05-02,skills/legal-document-drafting/references/criminal_defense_guides/辩护词-罪轻.md,guide_collected,已检索来源：全国人大刑事诉讼法、最高检羁押必要性审查规则。未找到统一官方模板时，只能作为参考草稿依据并需律师复核。
辩护词（量刑）,刑事案件律师/当事人文书起草指南,criminal,lawyer,false,A,全国人民代表大会或最高人民检察院,https://www.npc.gov.cn/npc/c2/c12435/201905/t20190521_276591.html,2018-11-05,2026-05-02,skills/legal-document-drafting/references/criminal_defense_guides/辩护词-量刑.md,guide_collected,已检索来源：全国人大刑事诉讼法、最高检羁押必要性审查规则。未找到统一官方模板时，只能作为参考草稿依据并需律师复核。
辩护词（程序违法）,刑事案件律师/当事人文书起草指南,criminal,lawyer,false,A,全国人民代表大会或最高人民检察院,https://www.npc.gov.cn/npc/c2/c12435/201905/t20190521_276591.html,2018-11-05,2026-05-02,skills/legal-document-drafting/references/criminal_defense_guides/辩护词-程序违法.md,guide_collected,已检索来源：全国人大刑事诉讼法、最高检羁押必要性审查规则。未找到统一官方模板时，只能作为参考草稿依据并需律师复核。
被害人代理词,刑事案件律师/当事人文书起草指南,criminal,lawyer,false,A,全国人民代表大会或最高人民检察院,https://www.npc.gov.cn/npc/c2/c12435/201905/t20190521_276591.html,2018-11-05,2026-05-02,skills/legal-document-drafting/references/criminal_defense_guides/被害人代理词.md,guide_collected,已检索来源：全国人大刑事诉讼法、最高检羁押必要性审查规则。未找到统一官方模板时，只能作为参考草稿依据并需律师复核。
刑事附带民事代理词,刑事案件律师/当事人文书起草指南,criminal,lawyer,false,A,全国人民代表大会或最高人民检察院,https://www.npc.gov.cn/npc/c2/c12435/201905/t20190521_276591.html,2018-11-05,2026-05-02,skills/legal-document-drafting/references/criminal_defense_guides/刑事附带民事代理词.md,guide_collected,已检索来源：全国人大刑事诉讼法、最高检羁押必要性审查规则。未找到统一官方模板时，只能作为参考草稿依据并需律师复核。
质证意见,刑事案件律师/当事人文书起草指南,criminal,lawyer,false,A,全国人民代表大会或最高人民检察院,https://www.npc.gov.cn/npc/c2/c12435/201905/t20190521_276591.html,2018-11-05,2026-05-02,skills/legal-document-drafting/references/criminal_defense_guides/质证意见.md,guide_collected,已检索来源：全国人大刑事诉讼法、最高检羁押必要性审查规则。未找到统一官方模板时，只能作为参考草稿依据并需律师复核。
庭审发问提纲,刑事案件律师/当事人文书起草指南,criminal,lawyer,false,A,全国人民代表大会或最高人民检察院,https://www.npc.gov.cn/npc/c2/c12435/201905/t20190521_276591.html,2018-11-05,2026-05-02,skills/legal-document-drafting/references/criminal_defense_guides/庭审发问提纲.md,guide_collected,已检索来源：全国人大刑事诉讼法、最高检羁押必要性审查规则。未找到统一官方模板时，只能作为参考草稿依据并需律师复核。
量刑意见,刑事案件律师/当事人文书起草指南,criminal,lawyer,false,A,全国人民代表大会或最高人民检察院,https://www.npc.gov.cn/npc/c2/c12435/201905/t20190521_276591.html,2018-11-05,2026-05-02,skills/legal-document-drafting/references/criminal_defense_guides/量刑意见.md,guide_collected,已检索来源：全国人大刑事诉讼法、最高检羁押必要性审查规则。未找到统一官方模板时，只能作为参考草稿依据并需律师复核。
缓刑适用意见,刑事案件律师/当事人文书起草指南,criminal,lawyer,false,A,全国人民代表大会或最高人民检察院,https://www.npc.gov.cn/npc/c2/c12435/201905/t20190521_276591.html,2018-11-05,2026-05-02,skills/legal-document-drafting/references/criminal_defense_guides/缓刑适用意见.md,guide_collected,已检索来源：全国人大刑事诉讼法、最高检羁押必要性审查规则。未找到统一官方模板时，只能作为参考草稿依据并需律师复核。
罚金刑调整意见,刑事案件律师/当事人文书起草指南,criminal,lawyer,false,A,全国人民代表大会或最高人民检察院,https://www.npc.gov.cn/npc/c2/c12435/201905/t20190521_276591.html,2018-11-05,2026-05-02,skills/legal-document-drafting/references/criminal_defense_guides/罚金刑调整意见.md,guide_collected,已检索来源：全国人大刑事诉讼法、最高检羁押必要性审查规则。未找到统一官方模板时，只能作为参考草稿依据并需律师复核。
刑事上诉状,刑事案件律师/当事人文书起草指南,criminal,lawyer,false,A,全国人民代表大会或最高人民检察院,https://www.npc.gov.cn/npc/c2/c12435/201905/t20190521_276591.html,2018-11-05,2026-05-02,skills/legal-document-drafting/references/criminal_defense_guides/刑事上诉状.md,guide_collected,已检索来源：全国人大刑事诉讼法、最高检羁押必要性审查规则。未找到统一官方模板时，只能作为参考草稿依据并需律师复核。
刑事申诉状,刑事案件律师/当事人文书起草指南,criminal,lawyer,false,A,全国人民代表大会或最高人民检察院,https://www.npc.gov.cn/npc/c2/c12435/201905/t20190521_276591.html,2018-11-05,2026-05-02,skills/legal-document-drafting/references/criminal_defense_guides/刑事申诉状.md,guide_collected,已检索来源：全国人大刑事诉讼法、最高检羁押必要性审查规则。未找到统一官方模板时，只能作为参考草稿依据并需律师复核。
再审申请书,刑事案件律师/当事人文书起草指南,criminal,lawyer,false,A,全国人民代表大会或最高人民检察院,https://www.npc.gov.cn/npc/c2/c12435/201905/t20190521_276591.html,2018-11-05,2026-05-02,skills/legal-document-drafting/references/criminal_defense_guides/再审申请书.md,guide_collected,已检索来源：全国人大刑事诉讼法、最高检羁押必要性审查规则。未找到统一官方模板时，只能作为参考草稿依据并需律师复核。
刑事抗诉申请书,刑事案件律师/当事人文书起草指南,criminal,lawyer,false,A,全国人民代表大会或最高人民检察院,https://www.npc.gov.cn/npc/c2/c12435/201905/t20190521_276591.html,2018-11-05,2026-05-02,skills/legal-document-drafting/references/criminal_defense_guides/刑事抗诉申请书.md,guide_collected,已检索来源：全国人大刑事诉讼法、最高检羁押必要性审查规则。未找到统一官方模板时，只能作为参考草稿依据并需律师复核。
暂予监外执行申请书,刑事案件律师/当事人文书起草指南,criminal,lawyer,false,A,全国人民代表大会或最高人民检察院,https://www.npc.gov.cn/npc/c2/c12435/201905/t20190521_276591.html,2018-11-05,2026-05-02,skills/legal-document-drafting/references/criminal_defense_guides/暂予监外执行申请书.md,guide_collected,已检索来源：全国人大刑事诉讼法、最高检羁押必要性审查规则。未找到统一官方模板时，只能作为参考草稿依据并需律师复核。
减刑、假释法律意见,刑事案件律师/当事人文书起草指南,criminal,lawyer,false,A,全国人民代表大会或最高人民检察院,https://www.npc.gov.cn/npc/c2/c12435/201905/t20190521_276591.html,2018-11-05,2026-05-02,skills/legal-document-drafting/references/criminal_defense_guides/减刑-假释法律意见.md,guide_collected,已检索来源：全国人大刑事诉讼法、最高检羁押必要性审查规则。未找到统一官方模板时，只能作为参考草稿依据并需律师复核。
财产刑执行异议,刑事案件律师/当事人文书起草指南,criminal,lawyer,false,A,全国人民代表大会或最高人民检察院,https://www.npc.gov.cn/npc/c2/c12435/201905/t20190521_276591.html,2018-11-05,2026-05-02,skills/legal-document-drafting/references/criminal_defense_guides/财产刑执行异议.md,guide_collected,已检索来源：全国人大刑事诉讼法、最高检羁押必要性审查规则。未找到统一官方模板时，只能作为参考草稿依据并需律师复核。
涉案财物处理异议,刑事案件律师/当事人文书起草指南,criminal,lawyer,false,A,全国人民代表大会或最高人民检察院,https://www.npc.gov.cn/npc/c2/c12435/201905/t20190521_276591.html,2018-11-05,2026-05-02,skills/legal-document-drafting/references/criminal_defense_guides/涉案财物处理异议.md,guide_collected,已检索来源：全国人大刑事诉讼法、最高检羁押必要性审查规则。未找到统一官方模板时，只能作为参考草稿依据并需律师复核。
刑事赔偿申请书,刑事案件律师/当事人文书起草指南,criminal,lawyer,false,A,全国人民代表大会或最高人民检察院,https://www.npc.gov.cn/npc/c2/c12435/201905/t20190521_276591.html,2018-11-05,2026-05-02,skills/legal-document-drafting/references/criminal_defense_guides/刑事赔偿申请书.md,guide_collected,已检索来源：全国人大刑事诉讼法、最高检羁押必要性审查规则。未找到统一官方模板时，只能作为参考草稿依据并需律师复核。
会见笔录,刑事案件律师/当事人文书起草指南,criminal,lawyer,false,A,全国人民代表大会或最高人民检察院,https://www.npc.gov.cn/npc/c2/c12435/201905/t20190521_276591.html,2018-11-05,2026-05-02,skills/legal-document-drafting/references/criminal_defense_guides/会见笔录.md,guide_collected,已检索来源：全国人大刑事诉讼法、最高检羁押必要性审查规则。未找到统一官方模板时，只能作为参考草稿依据并需律师复核。
阅卷笔录,刑事案件律师/当事人文书起草指南,criminal,lawyer,false,A,全国人民代表大会或最高人民检察院,https://www.npc.gov.cn/npc/c2/c12435/201905/t20190521_276591.html,2018-11-05,2026-05-02,skills/legal-document-drafting/references/criminal_defense_guides/阅卷笔录.md,guide_collected,已检索来源：全国人大刑事诉讼法、最高检羁押必要性审查规则。未找到统一官方模板时，只能作为参考草稿依据并需律师复核。
案件分析报告,刑事案件律师/当事人文书起草指南,criminal,lawyer,false,A,全国人民代表大会或最高人民检察院,https://www.npc.gov.cn/npc/c2/c12435/201905/t20190521_276591.html,2018-11-05,2026-05-02,skills/legal-document-drafting/references/criminal_defense_guides/案件分析报告.md,guide_collected,已检索来源：全国人大刑事诉讼法、最高检羁押必要性审查规则。未找到统一官方模板时，只能作为参考草稿依据并需律师复核。
证据摘录表,刑事案件律师/当事人文书起草指南,criminal,lawyer,false,A,全国人民代表大会或最高人民检察院,https://www.npc.gov.cn/npc/c2/c12435/201905/t20190521_276591.html,2018-11-05,2026-05-02,skills/legal-document-drafting/references/criminal_defense_guides/证据摘录表.md,guide_collected,已检索来源：全国人大刑事诉讼法、最高检羁押必要性审查规则。未找到统一官方模板时，只能作为参考草稿依据并需律师复核。
证据目录,刑事案件律师/当事人文书起草指南,criminal,lawyer,false,A,全国人民代表大会或最高人民检察院,https://www.npc.gov.cn/npc/c2/c12435/201905/t20190521_276591.html,2018-11-05,2026-05-02,skills/legal-document-drafting/references/criminal_defense_guides/证据目录.md,guide_collected,已检索来源：全国人大刑事诉讼法、最高检羁押必要性审查规则。未找到统一官方模板时，只能作为参考草稿依据并需律师复核。
辩护方案,刑事案件律师/当事人文书起草指南,criminal,lawyer,false,A,全国人民代表大会或最高人民检察院,https://www.npc.gov.cn/npc/c2/c12435/201905/t20190521_276591.html,2018-11-05,2026-05-02,skills/legal-document-drafting/references/criminal_defense_guides/辩护方案.md,guide_collected,已检索来源：全国人大刑事诉讼法、最高检羁押必要性审查规则。未找到统一官方模板时，只能作为参考草稿依据并需律师复核。
庭审提纲,刑事案件律师/当事人文书起草指南,criminal,lawyer,false,A,全国人民代表大会或最高人民检察院,https://www.npc.gov.cn/npc/c2/c12435/201905/t20190521_276591.html,2018-11-05,2026-05-02,skills/legal-document-drafting/references/criminal_defense_guides/庭审提纲.md,guide_collected,已检索来源：全国人大刑事诉讼法、最高检羁押必要性审查规则。未找到统一官方模板时，只能作为参考草稿依据并需律师复核。
发问提纲,刑事案件律师/当事人文书起草指南,criminal,lawyer,false,A,全国人民代表大会或最高人民检察院,https://www.npc.gov.cn/npc/c2/c12435/201905/t20190521_276591.html,2018-11-05,2026-05-02,skills/legal-document-drafting/references/criminal_defense_guides/发问提纲.md,guide_collected,已检索来源：全国人大刑事诉讼法、最高检羁押必要性审查规则。未找到统一官方模板时，只能作为参考草稿依据并需律师复核。
质证提纲,刑事案件律师/当事人文书起草指南,criminal,lawyer,false,A,全国人民代表大会或最高人民检察院,https://www.npc.gov.cn/npc/c2/c12435/201905/t20190521_276591.html,2018-11-05,2026-05-02,skills/legal-document-drafting/references/criminal_defense_guides/质证提纲.md,guide_collected,已检索来源：全国人大刑事诉讼法、最高检羁押必要性审查规则。未找到统一官方模板时，只能作为参考草稿依据并需律师复核。
法律检索报告,刑事案件律师/当事人文书起草指南,criminal,lawyer,false,A,全国人民代表大会或最高人民检察院,https://www.npc.gov.cn/npc/c2/c12435/201905/t20190521_276591.html,2018-11-05,2026-05-02,skills/legal-document-drafting/references/criminal_defense_guides/法律检索报告.md,guide_collected,已检索来源：全国人大刑事诉讼法、最高检羁押必要性审查规则。未找到统一官方模板时，只能作为参考草稿依据并需律师复核。
类案检索报告,刑事案件律师/当事人文书起草指南,criminal,lawyer,false,A,全国人民代表大会或最高人民检察院,https://www.npc.gov.cn/npc/c2/c12435/201905/t20190521_276591.html,2018-11-05,2026-05-02,skills/legal-document-drafting/references/criminal_defense_guides/类案检索报告.md,guide_collected,已检索来源：全国人大刑事诉讼法、最高检羁押必要性审查规则。未找到统一官方模板时，只能作为参考草稿依据并需律师复核。
风险告知书,刑事案件律师/当事人文书起草指南,criminal,lawyer,false,A,全国人民代表大会或最高人民检察院,https://www.npc.gov.cn/npc/c2/c12435/201905/t20190521_276591.html,2018-11-05,2026-05-02,skills/legal-document-drafting/references/criminal_defense_guides/风险告知书.md,guide_collected,已检索来源：全国人大刑事诉讼法、最高检羁押必要性审查规则。未找到统一官方模板时，只能作为参考草稿依据并需律师复核。
委托人沟通记录,刑事案件律师/当事人文书起草指南,criminal,lawyer,false,A,全国人民代表大会或最高人民检察院,https://www.npc.gov.cn/npc/c2/c12435/201905/t20190521_276591.html,2018-11-05,2026-05-02,skills/legal-document-drafting/references/criminal_defense_guides/委托人沟通记录.md,guide_collected,已检索来源：全国人大刑事诉讼法、最高检羁押必要性审查规则。未找到统一官方模板时，只能作为参考草稿依据并需律师复核。
律师工作日志,刑事案件律师/当事人文书起草指南,criminal,lawyer,false,A,全国人民代表大会或最高人民检察院,https://www.npc.gov.cn/npc/c2/c12435/201905/t20190521_276591.html,2018-11-05,2026-05-02,skills/legal-document-drafting/references/criminal_defense_guides/律师工作日志.md,guide_collected,已检索来源：全国人大刑事诉讼法、最高检羁押必要性审查规则。未找到统一官方模板时，只能作为参考草稿依据并需律师复核。
律师函,律师实务文书起草指南,lawyer_practice,lawyer,false,A,司法部/中国政府网律师执业与法律意见规则,https://www.gov.cn/gongbao/2023/issue_10886/202312/content_6921379.html,2023-10-26,2026-05-02,skills/legal-document-drafting/references/lawyer_practice_guides/律师函.md,guide_collected,已检索来源：司法部/中国政府网、全国律协业务指引。多数律师实务文书无全国统一模板，标记为指南收集，需结合委托范围和律师执业风险复核。
催告函,律师实务文书起草指南,lawyer_practice,lawyer,false,B,中华全国律师协会买卖合同业务操作指引,https://www.acla.org.cn/info/babca008c2ba43e9829b3192ed5f13a9,2017-11-16,2026-05-02,skills/legal-document-drafting/references/lawyer_practice_guides/催告函.md,guide_collected,已检索来源：司法部/中国政府网、全国律协业务指引。多数律师实务文书无全国统一模板，标记为指南收集，需结合委托范围和律师执业风险复核。
解除合同通知函,律师实务文书起草指南,lawyer_practice,lawyer,false,B,中华全国律师协会买卖合同业务操作指引,https://www.acla.org.cn/info/babca008c2ba43e9829b3192ed5f13a9,2017-11-16,2026-05-02,skills/legal-document-drafting/references/lawyer_practice_guides/解除合同通知函.md,guide_collected,已检索来源：司法部/中国政府网、全国律协业务指引。多数律师实务文书无全国统一模板，标记为指南收集，需结合委托范围和律师执业风险复核。
违约责任告知函,律师实务文书起草指南,lawyer_practice,lawyer,false,B,中华全国律师协会买卖合同业务操作指引,https://www.acla.org.cn/info/babca008c2ba43e9829b3192ed5f13a9,2017-11-16,2026-05-02,skills/legal-document-drafting/references/lawyer_practice_guides/违约责任告知函.md,guide_collected,已检索来源：司法部/中国政府网、全国律协业务指引。多数律师实务文书无全国统一模板，标记为指南收集，需结合委托范围和律师执业风险复核。
侵权停止通知函,律师实务文书起草指南,lawyer_practice,lawyer,false,B,中华全国律师协会专利侵权业务操作指引,https://acla.org.cn/info/505ba22a0d2d4b8fb8c30f63c1192ed7,2017-11-16,2026-05-02,skills/legal-document-drafting/references/lawyer_practice_guides/侵权停止通知函.md,guide_collected,已检索来源：司法部/中国政府网、全国律协业务指引。多数律师实务文书无全国统一模板，标记为指南收集，需结合委托范围和律师执业风险复核。
知识产权侵权警告函,律师实务文书起草指南,lawyer_practice,lawyer,false,B,中华全国律师协会专利侵权业务操作指引,https://acla.org.cn/info/505ba22a0d2d4b8fb8c30f63c1192ed7,2017-11-16,2026-05-02,skills/legal-document-drafting/references/lawyer_practice_guides/知识产权侵权警告函.md,guide_collected,已检索来源：司法部/中国政府网、全国律协业务指引。多数律师实务文书无全国统一模板，标记为指南收集，需结合委托范围和律师执业风险复核。
谈判函,律师实务文书起草指南,lawyer_practice,lawyer,false,A,司法部/中国政府网律师执业与法律意见规则,https://www.gov.cn/gongbao/2023/issue_10886/202312/content_6921379.html,2023-10-26,2026-05-02,skills/legal-document-drafting/references/lawyer_practice_guides/谈判函.md,guide_collected,已检索来源：司法部/中国政府网、全国律协业务指引。多数律师实务文书无全国统一模板，标记为指南收集，需结合委托范围和律师执业风险复核。
和解建议书,律师实务文书起草指南,lawyer_practice,lawyer,false,A,司法部/中国政府网律师执业与法律意见规则,https://www.gov.cn/gongbao/2023/issue_10886/202312/content_6921379.html,2023-10-26,2026-05-02,skills/legal-document-drafting/references/lawyer_practice_guides/和解建议书.md,guide_collected,已检索来源：司法部/中国政府网、全国律协业务指引。多数律师实务文书无全国统一模板，标记为指南收集，需结合委托范围和律师执业风险复核。
调解方案,律师实务文书起草指南,lawyer_practice,lawyer,false,A,司法部/中国政府网律师执业与法律意见规则,https://www.gov.cn/gongbao/2023/issue_10886/202312/content_6921379.html,2023-10-26,2026-05-02,skills/legal-document-drafting/references/lawyer_practice_guides/调解方案.md,guide_collected,已检索来源：司法部/中国政府网、全国律协业务指引。多数律师实务文书无全国统一模板，标记为指南收集，需结合委托范围和律师执业风险复核。
法律意见书,律师实务文书起草指南,lawyer_practice,lawyer,false,A,国务院公报/司法部证券法律业务规则,https://www.gov.cn/gongbao/2023/issue_10886/202312/content_6921379.html,2023-10-26,2026-05-02,skills/legal-document-drafting/references/lawyer_practice_guides/法律意见书.md,guide_collected,已检索来源：司法部/中国政府网、全国律协业务指引。多数律师实务文书无全国统一模板，标记为指南收集，需结合委托范围和律师执业风险复核。
专项法律意见书,律师实务文书起草指南,lawyer_practice,lawyer,false,A,国务院公报/司法部证券法律业务规则,https://www.gov.cn/gongbao/2023/issue_10886/202312/content_6921379.html,2023-10-26,2026-05-02,skills/legal-document-drafting/references/lawyer_practice_guides/专项法律意见书.md,guide_collected,已检索来源：司法部/中国政府网、全国律协业务指引。多数律师实务文书无全国统一模板，标记为指南收集，需结合委托范围和律师执业风险复核。
律师见证书,律师实务文书起草指南,lawyer_practice,lawyer,false,A,司法部/中国政府网律师执业与法律意见规则,https://www.gov.cn/gongbao/2023/issue_10886/202312/content_6921379.html,2023-10-26,2026-05-02,skills/legal-document-drafting/references/lawyer_practice_guides/律师见证书.md,guide_collected,已检索来源：司法部/中国政府网、全国律协业务指引。多数律师实务文书无全国统一模板，标记为指南收集，需结合委托范围和律师执业风险复核。
律师声明,律师实务文书起草指南,lawyer_practice,lawyer,false,A,司法部/中国政府网律师执业与法律意见规则,https://www.gov.cn/gongbao/2023/issue_10886/202312/content_6921379.html,2023-10-26,2026-05-02,skills/legal-document-drafting/references/lawyer_practice_guides/律师声明.md,guide_collected,已检索来源：司法部/中国政府网、全国律协业务指引。多数律师实务文书无全国统一模板，标记为指南收集，需结合委托范围和律师执业风险复核。
尽职调查报告,律师实务文书起草指南,lawyer_practice,lawyer,false,B,中华全国律师协会业务文章/指引线索,https://2019.acla.org.cn/info/b8441f86f9b341af861129509eb895aa,2022-02-23,2026-05-02,skills/legal-document-drafting/references/lawyer_practice_guides/尽职调查报告.md,guide_collected,已检索来源：司法部/中国政府网、全国律协业务指引。多数律师实务文书无全国统一模板，标记为指南收集，需结合委托范围和律师执业风险复核。
法律尽职调查清单,律师实务文书起草指南,lawyer_practice,lawyer,false,B,中华全国律师协会业务文章/指引线索,https://2019.acla.org.cn/info/b8441f86f9b341af861129509eb895aa,2022-02-23,2026-05-02,skills/legal-document-drafting/references/lawyer_practice_guides/法律尽职调查清单.md,guide_collected,已检索来源：司法部/中国政府网、全国律协业务指引。多数律师实务文书无全国统一模板，标记为指南收集，需结合委托范围和律师执业风险复核。
合同审查意见,律师实务文书起草指南,lawyer_practice,lawyer,false,B,中华全国律师协会买卖合同业务操作指引,https://www.acla.org.cn/info/babca008c2ba43e9829b3192ed5f13a9,2017-11-16,2026-05-02,skills/legal-document-drafting/references/lawyer_practice_guides/合同审查意见.md,guide_collected,已检索来源：司法部/中国政府网、全国律协业务指引。多数律师实务文书无全国统一模板，标记为指南收集，需结合委托范围和律师执业风险复核。
合同修改说明,律师实务文书起草指南,lawyer_practice,lawyer,false,B,中华全国律师协会买卖合同业务操作指引,https://www.acla.org.cn/info/babca008c2ba43e9829b3192ed5f13a9,2017-11-16,2026-05-02,skills/legal-document-drafting/references/lawyer_practice_guides/合同修改说明.md,guide_collected,已检索来源：司法部/中国政府网、全国律协业务指引。多数律师实务文书无全国统一模板，标记为指南收集，需结合委托范围和律师执业风险复核。
合同风险提示函,律师实务文书起草指南,lawyer_practice,lawyer,false,B,中华全国律师协会买卖合同业务操作指引,https://www.acla.org.cn/info/babca008c2ba43e9829b3192ed5f13a9,2017-11-16,2026-05-02,skills/legal-document-drafting/references/lawyer_practice_guides/合同风险提示函.md,guide_collected,已检索来源：司法部/中国政府网、全国律协业务指引。多数律师实务文书无全国统一模板，标记为指南收集，需结合委托范围和律师执业风险复核。
合规审查意见,律师实务文书起草指南,lawyer_practice,lawyer,false,A,国务院公报/司法部证券法律业务规则,https://www.gov.cn/gongbao/2023/issue_10886/202312/content_6921379.html,2023-10-26,2026-05-02,skills/legal-document-drafting/references/lawyer_practice_guides/合规审查意见.md,guide_collected,已检索来源：司法部/中国政府网、全国律协业务指引。多数律师实务文书无全国统一模板，标记为指南收集，需结合委托范围和律师执业风险复核。
数据合规审查意见,律师实务文书起草指南,lawyer_practice,lawyer,false,A,国务院公报/司法部证券法律业务规则,https://www.gov.cn/gongbao/2023/issue_10886/202312/content_6921379.html,2023-10-26,2026-05-02,skills/legal-document-drafting/references/lawyer_practice_guides/数据合规审查意见.md,guide_collected,已检索来源：司法部/中国政府网、全国律协业务指引。多数律师实务文书无全国统一模板，标记为指南收集，需结合委托范围和律师执业风险复核。
劳动用工合规意见,律师实务文书起草指南,lawyer_practice,lawyer,false,A,国务院公报/司法部证券法律业务规则,https://www.gov.cn/gongbao/2023/issue_10886/202312/content_6921379.html,2023-10-26,2026-05-02,skills/legal-document-drafting/references/lawyer_practice_guides/劳动用工合规意见.md,guide_collected,已检索来源：司法部/中国政府网、全国律协业务指引。多数律师实务文书无全国统一模板，标记为指南收集，需结合委托范围和律师执业风险复核。
公司治理法律意见,律师实务文书起草指南,lawyer_practice,lawyer,false,A,国务院公报/司法部证券法律业务规则,https://www.gov.cn/gongbao/2023/issue_10886/202312/content_6921379.html,2023-10-26,2026-05-02,skills/legal-document-drafting/references/lawyer_practice_guides/公司治理法律意见.md,guide_collected,已检索来源：司法部/中国政府网、全国律协业务指引。多数律师实务文书无全国统一模板，标记为指南收集，需结合委托范围和律师执业风险复核。
股权架构法律意见,律师实务文书起草指南,lawyer_practice,lawyer,false,A,国务院公报/司法部证券法律业务规则,https://www.gov.cn/gongbao/2023/issue_10886/202312/content_6921379.html,2023-10-26,2026-05-02,skills/legal-document-drafting/references/lawyer_practice_guides/股权架构法律意见.md,guide_collected,已检索来源：司法部/中国政府网、全国律协业务指引。多数律师实务文书无全国统一模板，标记为指南收集，需结合委托范围和律师执业风险复核。
投融资法律意见,律师实务文书起草指南,lawyer_practice,lawyer,false,A,国务院公报/司法部证券法律业务规则,https://www.gov.cn/gongbao/2023/issue_10886/202312/content_6921379.html,2023-10-26,2026-05-02,skills/legal-document-drafting/references/lawyer_practice_guides/投融资法律意见.md,guide_collected,已检索来源：司法部/中国政府网、全国律协业务指引。多数律师实务文书无全国统一模板，标记为指南收集，需结合委托范围和律师执业风险复核。
并购法律意见,律师实务文书起草指南,lawyer_practice,lawyer,false,A,国务院公报/司法部证券法律业务规则,https://www.gov.cn/gongbao/2023/issue_10886/202312/content_6921379.html,2023-10-26,2026-05-02,skills/legal-document-drafting/references/lawyer_practice_guides/并购法律意见.md,guide_collected,已检索来源：司法部/中国政府网、全国律协业务指引。多数律师实务文书无全国统一模板，标记为指南收集，需结合委托范围和律师执业风险复核。
破产重整法律意见,律师实务文书起草指南,lawyer_practice,lawyer,false,A,国务院公报/司法部证券法律业务规则,https://www.gov.cn/gongbao/2023/issue_10886/202312/content_6921379.html,2023-10-26,2026-05-02,skills/legal-document-drafting/references/lawyer_practice_guides/破产重整法律意见.md,guide_collected,已检索来源：司法部/中国政府网、全国律协业务指引。多数律师实务文书无全国统一模板，标记为指南收集，需结合委托范围和律师执业风险复核。
代理词,律师实务文书起草指南,lawyer_practice,lawyer,false,B,中华全国律师协会婚姻家庭业务操作指引,https://www.acla.org.cn/info/db55cc94958f4f8eaebeae94e37a77a5,2017-11-16,2026-05-02,skills/legal-document-drafting/references/lawyer_practice_guides/代理词.md,guide_collected,已检索来源：司法部/中国政府网、全国律协业务指引。多数律师实务文书无全国统一模板，标记为指南收集，需结合委托范围和律师执业风险复核。
辩护词,律师实务文书起草指南,lawyer_practice,lawyer,false,A,司法部/中国政府网律师执业与法律意见规则,https://www.gov.cn/gongbao/2023/issue_10886/202312/content_6921379.html,2023-10-26,2026-05-02,skills/legal-document-drafting/references/lawyer_practice_guides/辩护词.md,guide_collected,已检索来源：司法部/中国政府网、全国律协业务指引。多数律师实务文书无全国统一模板，标记为指南收集，需结合委托范围和律师执业风险复核。
质证意见,律师实务文书起草指南,lawyer_practice,lawyer,false,B,中华全国律师协会婚姻家庭业务操作指引,https://www.acla.org.cn/info/db55cc94958f4f8eaebeae94e37a77a5,2017-11-16,2026-05-02,skills/legal-document-drafting/references/lawyer_practice_guides/质证意见.md,guide_collected,已检索来源：司法部/中国政府网、全国律协业务指引。多数律师实务文书无全国统一模板，标记为指南收集，需结合委托范围和律师执业风险复核。
举证意见,律师实务文书起草指南,lawyer_practice,lawyer,false,B,中华全国律师协会婚姻家庭业务操作指引,https://www.acla.org.cn/info/db55cc94958f4f8eaebeae94e37a77a5,2017-11-16,2026-05-02,skills/legal-document-drafting/references/lawyer_practice_guides/举证意见.md,guide_collected,已检索来源：司法部/中国政府网、全国律协业务指引。多数律师实务文书无全国统一模板，标记为指南收集，需结合委托范围和律师执业风险复核。
证据目录,律师实务文书起草指南,lawyer_practice,lawyer,false,B,中华全国律师协会婚姻家庭业务操作指引,https://www.acla.org.cn/info/db55cc94958f4f8eaebeae94e37a77a5,2017-11-16,2026-05-02,skills/legal-document-drafting/references/lawyer_practice_guides/证据目录.md,guide_collected,已检索来源：司法部/中国政府网、全国律协业务指引。多数律师实务文书无全国统一模板，标记为指南收集，需结合委托范围和律师执业风险复核。
证据说明,律师实务文书起草指南,lawyer_practice,lawyer,false,B,中华全国律师协会婚姻家庭业务操作指引,https://www.acla.org.cn/info/db55cc94958f4f8eaebeae94e37a77a5,2017-11-16,2026-05-02,skills/legal-document-drafting/references/lawyer_practice_guides/证据说明.md,guide_collected,已检索来源：司法部/中国政府网、全国律协业务指引。多数律师实务文书无全国统一模板，标记为指南收集，需结合委托范围和律师执业风险复核。
庭审提纲,律师实务文书起草指南,lawyer_practice,lawyer,false,B,中华全国律师协会婚姻家庭业务操作指引,https://www.acla.org.cn/info/db55cc94958f4f8eaebeae94e37a77a5,2017-11-16,2026-05-02,skills/legal-document-drafting/references/lawyer_practice_guides/庭审提纲.md,guide_collected,已检索来源：司法部/中国政府网、全国律协业务指引。多数律师实务文书无全国统一模板，标记为指南收集，需结合委托范围和律师执业风险复核。
发问提纲,律师实务文书起草指南,lawyer_practice,lawyer,false,B,中华全国律师协会婚姻家庭业务操作指引,https://www.acla.org.cn/info/db55cc94958f4f8eaebeae94e37a77a5,2017-11-16,2026-05-02,skills/legal-document-drafting/references/lawyer_practice_guides/发问提纲.md,guide_collected,已检索来源：司法部/中国政府网、全国律协业务指引。多数律师实务文书无全国统一模板，标记为指南收集，需结合委托范围和律师执业风险复核。
交叉询问提纲,律师实务文书起草指南,lawyer_practice,lawyer,false,A,司法部/中国政府网律师执业与法律意见规则,https://www.gov.cn/gongbao/2023/issue_10886/202312/content_6921379.html,2023-10-26,2026-05-02,skills/legal-document-drafting/references/lawyer_practice_guides/交叉询问提纲.md,guide_collected,已检索来源：司法部/中国政府网、全国律协业务指引。多数律师实务文书无全国统一模板，标记为指南收集，需结合委托范围和律师执业风险复核。
类案检索报告,律师实务文书起草指南,lawyer_practice,lawyer,false,A,司法部/中国政府网律师执业与法律意见规则,https://www.gov.cn/gongbao/2023/issue_10886/202312/content_6921379.html,2023-10-26,2026-05-02,skills/legal-document-drafting/references/lawyer_practice_guides/类案检索报告.md,guide_collected,已检索来源：司法部/中国政府网、全国律协业务指引。多数律师实务文书无全国统一模板，标记为指南收集，需结合委托范围和律师执业风险复核。
法律检索报告,律师实务文书起草指南,lawyer_practice,lawyer,false,A,司法部/中国政府网律师执业与法律意见规则,https://www.gov.cn/gongbao/2023/issue_10886/202312/content_6921379.html,2023-10-26,2026-05-02,skills/legal-document-drafting/references/lawyer_practice_guides/法律检索报告.md,guide_collected,已检索来源：司法部/中国政府网、全国律协业务指引。多数律师实务文书无全国统一模板，标记为指南收集，需结合委托范围和律师执业风险复核。
案件分析备忘录,律师实务文书起草指南,lawyer_practice,lawyer,false,A,司法部/中国政府网律师执业与法律意见规则,https://www.gov.cn/gongbao/2023/issue_10886/202312/content_6921379.html,2023-10-26,2026-05-02,skills/legal-document-drafting/references/lawyer_practice_guides/案件分析备忘录.md,guide_collected,已检索来源：司法部/中国政府网、全国律协业务指引。多数律师实务文书无全国统一模板，标记为指南收集，需结合委托范围和律师执业风险复核。
诉讼策略备忘录,律师实务文书起草指南,lawyer_practice,lawyer,false,A,司法部/中国政府网律师执业与法律意见规则,https://www.gov.cn/gongbao/2023/issue_10886/202312/content_6921379.html,2023-10-26,2026-05-02,skills/legal-document-drafting/references/lawyer_practice_guides/诉讼策略备忘录.md,guide_collected,已检索来源：司法部/中国政府网、全国律协业务指引。多数律师实务文书无全国统一模板，标记为指南收集，需结合委托范围和律师执业风险复核。
风险评估报告,律师实务文书起草指南,lawyer_practice,lawyer,false,A,司法部/中国政府网律师执业与法律意见规则,https://www.gov.cn/gongbao/2023/issue_10886/202312/content_6921379.html,2023-10-26,2026-05-02,skills/legal-document-drafting/references/lawyer_practice_guides/风险评估报告.md,guide_collected,已检索来源：司法部/中国政府网、全国律协业务指引。多数律师实务文书无全国统一模板，标记为指南收集，需结合委托范围和律师执业风险复核。
诉讼可视化时间线,律师实务文书起草指南,lawyer_practice,lawyer,false,A,司法部/中国政府网律师执业与法律意见规则,https://www.gov.cn/gongbao/2023/issue_10886/202312/content_6921379.html,2023-10-26,2026-05-02,skills/legal-document-drafting/references/lawyer_practice_guides/诉讼可视化时间线.md,guide_collected,已检索来源：司法部/中国政府网、全国律协业务指引。多数律师实务文书无全国统一模板，标记为指南收集，需结合委托范围和律师执业风险复核。
争议焦点归纳,律师实务文书起草指南,lawyer_practice,lawyer,false,B,中华全国律师协会婚姻家庭业务操作指引,https://www.acla.org.cn/info/db55cc94958f4f8eaebeae94e37a77a5,2017-11-16,2026-05-02,skills/legal-document-drafting/references/lawyer_practice_guides/争议焦点归纳.md,guide_collected,已检索来源：司法部/中国政府网、全国律协业务指引。多数律师实务文书无全国统一模板，标记为指南收集，需结合委托范围和律师执业风险复核。
裁判规则摘要,律师实务文书起草指南,lawyer_practice,lawyer,false,A,司法部/中国政府网律师执业与法律意见规则,https://www.gov.cn/gongbao/2023/issue_10886/202312/content_6921379.html,2023-10-26,2026-05-02,skills/legal-document-drafting/references/lawyer_practice_guides/裁判规则摘要.md,guide_collected,已检索来源：司法部/中国政府网、全国律协业务指引。多数律师实务文书无全国统一模板，标记为指南收集，需结合委托范围和律师执业风险复核。
委托代理合同附件,律师实务文书起草指南,lawyer_practice,lawyer,false,B,中华全国律师协会买卖合同业务操作指引,https://www.acla.org.cn/info/babca008c2ba43e9829b3192ed5f13a9,2017-11-16,2026-05-02,skills/legal-document-drafting/references/lawyer_practice_guides/委托代理合同附件.md,guide_collected,已检索来源：司法部/中国政府网、全国律协业务指引。多数律师实务文书无全国统一模板，标记为指南收集，需结合委托范围和律师执业风险复核。
授权委托书,律师实务文书起草指南,lawyer_practice,lawyer,false,A,司法部/中国政府网律师执业与法律意见规则,https://www.gov.cn/gongbao/2023/issue_10886/202312/content_6921379.html,2023-10-26,2026-05-02,skills/legal-document-drafting/references/lawyer_practice_guides/授权委托书.md,guide_collected,已检索来源：司法部/中国政府网、全国律协业务指引。多数律师实务文书无全国统一模板，标记为指南收集，需结合委托范围和律师执业风险复核。
客户访谈笔录,律师实务文书起草指南,lawyer_practice,lawyer,false,A,司法部/中国政府网律师执业与法律意见规则,https://www.gov.cn/gongbao/2023/issue_10886/202312/content_6921379.html,2023-10-26,2026-05-02,skills/legal-document-drafting/references/lawyer_practice_guides/客户访谈笔录.md,guide_collected,已检索来源：司法部/中国政府网、全国律协业务指引。多数律师实务文书无全国统一模板，标记为指南收集，需结合委托范围和律师执业风险复核。
律师谈话笔录,律师实务文书起草指南,lawyer_practice,lawyer,false,A,司法部/中国政府网律师执业与法律意见规则,https://www.gov.cn/gongbao/2023/issue_10886/202312/content_6921379.html,2023-10-26,2026-05-02,skills/legal-document-drafting/references/lawyer_practice_guides/律师谈话笔录.md,guide_collected,已检索来源：司法部/中国政府网、全国律协业务指引。多数律师实务文书无全国统一模板，标记为指南收集，需结合委托范围和律师执业风险复核。
风险告知书,律师实务文书起草指南,lawyer_practice,lawyer,false,A,司法部/中国政府网律师执业与法律意见规则,https://www.gov.cn/gongbao/2023/issue_10886/202312/content_6921379.html,2023-10-26,2026-05-02,skills/legal-document-drafting/references/lawyer_practice_guides/风险告知书.md,guide_collected,已检索来源：司法部/中国政府网、全国律协业务指引。多数律师实务文书无全国统一模板，标记为指南收集，需结合委托范围和律师执业风险复核。
利益冲突审查表,律师实务文书起草指南,lawyer_practice,lawyer,false,A,司法部/中国政府网律师执业与法律意见规则,https://www.gov.cn/gongbao/2023/issue_10886/202312/content_6921379.html,2023-10-26,2026-05-02,skills/legal-document-drafting/references/lawyer_practice_guides/利益冲突审查表.md,guide_collected,已检索来源：司法部/中国政府网、全国律协业务指引。多数律师实务文书无全国统一模板，标记为指南收集，需结合委托范围和律师执业风险复核。
材料交接清单,律师实务文书起草指南,lawyer_practice,lawyer,false,A,司法部/中国政府网律师执业与法律意见规则,https://www.gov.cn/gongbao/2023/issue_10886/202312/content_6921379.html,2023-10-26,2026-05-02,skills/legal-document-drafting/references/lawyer_practice_guides/材料交接清单.md,guide_collected,已检索来源：司法部/中国政府网、全国律协业务指引。多数律师实务文书无全国统一模板，标记为指南收集，需结合委托范围和律师执业风险复核。
工作计划,律师实务文书起草指南,lawyer_practice,lawyer,false,A,司法部/中国政府网律师执业与法律意见规则,https://www.gov.cn/gongbao/2023/issue_10886/202312/content_6921379.html,2023-10-26,2026-05-02,skills/legal-document-drafting/references/lawyer_practice_guides/工作计划.md,guide_collected,已检索来源：司法部/中国政府网、全国律协业务指引。多数律师实务文书无全国统一模板，标记为指南收集，需结合委托范围和律师执业风险复核。
工作日志,律师实务文书起草指南,lawyer_practice,lawyer,false,A,司法部/中国政府网律师执业与法律意见规则,https://www.gov.cn/gongbao/2023/issue_10886/202312/content_6921379.html,2023-10-26,2026-05-02,skills/legal-document-drafting/references/lawyer_practice_guides/工作日志.md,guide_collected,已检索来源：司法部/中国政府网、全国律协业务指引。多数律师实务文书无全国统一模板，标记为指南收集，需结合委托范围和律师执业风险复核。
项目进度报告,律师实务文书起草指南,lawyer_practice,lawyer,false,A,司法部/中国政府网律师执业与法律意见规则,https://www.gov.cn/gongbao/2023/issue_10886/202312/content_6921379.html,2023-10-26,2026-05-02,skills/legal-document-drafting/references/lawyer_practice_guides/项目进度报告.md,guide_collected,已检索来源：司法部/中国政府网、全国律协业务指引。多数律师实务文书无全国统一模板，标记为指南收集，需结合委托范围和律师执业风险复核。
结案报告,律师实务文书起草指南,lawyer_practice,lawyer,false,A,司法部/中国政府网律师执业与法律意见规则,https://www.gov.cn/gongbao/2023/issue_10886/202312/content_6921379.html,2023-10-26,2026-05-02,skills/legal-document-drafting/references/lawyer_practice_guides/结案报告.md,guide_collected,已检索来源：司法部/中国政府网、全国律协业务指引。多数律师实务文书无全国统一模板，标记为指南收集，需结合委托范围和律师执业风险复核。
法律服务成果交付清单,律师实务文书起草指南,lawyer_practice,lawyer,false,A,司法部/中国政府网律师执业与法律意见规则,https://www.gov.cn/gongbao/2023/issue_10886/202312/content_6921379.html,2023-10-26,2026-05-02,skills/legal-document-drafting/references/lawyer_practice_guides/法律服务成果交付清单.md,guide_collected,已检索来源：司法部/中国政府网、全国律协业务指引。多数律师实务文书无全国统一模板，标记为指南收集，需结合委托范围和律师执业风险复核。
劳动仲裁申请书,劳动人事争议仲裁文书起草指南,labor,party,false,A,人力资源和社会保障部相关平台,https://chinajob.mohrss.gov.cn/h5/c/2022-07-15/356204.shtml,2022-07-15,2026-05-02,skills/legal-document-drafting/references/arbitration_guides/labor-劳动仲裁申请书.md,guide_collected,已检索来源：劳动人事争议仲裁办案规则。该文件为规则依据，不是统一模板。
劳动仲裁答辩书,劳动人事争议仲裁文书起草指南,labor,party,false,A,人力资源和社会保障部相关平台,https://chinajob.mohrss.gov.cn/h5/c/2022-07-15/356204.shtml,2022-07-15,2026-05-02,skills/legal-document-drafting/references/arbitration_guides/labor-劳动仲裁答辩书.md,guide_collected,已检索来源：劳动人事争议仲裁办案规则。该文件为规则依据，不是统一模板。
确认劳动关系申请书,劳动人事争议仲裁文书起草指南,labor,party,false,A,人力资源和社会保障部相关平台,https://chinajob.mohrss.gov.cn/h5/c/2022-07-15/356204.shtml,2022-07-15,2026-05-02,skills/legal-document-drafting/references/arbitration_guides/labor-确认劳动关系申请书.md,guide_collected,已检索来源：劳动人事争议仲裁办案规则。该文件为规则依据，不是统一模板。
违法解除劳动合同赔偿申请,劳动人事争议仲裁文书起草指南,labor,party,false,A,人力资源和社会保障部相关平台,https://chinajob.mohrss.gov.cn/h5/c/2022-07-15/356204.shtml,2022-07-15,2026-05-02,skills/legal-document-drafting/references/arbitration_guides/labor-违法解除劳动合同赔偿申请.md,guide_collected,已检索来源：劳动人事争议仲裁办案规则。该文件为规则依据，不是统一模板。
工伤待遇争议申请,劳动人事争议仲裁文书起草指南,labor,party,false,A,人力资源和社会保障部相关平台,https://chinajob.mohrss.gov.cn/h5/c/2022-07-15/356204.shtml,2022-07-15,2026-05-02,skills/legal-document-drafting/references/arbitration_guides/labor-工伤待遇争议申请.md,guide_collected,已检索来源：劳动人事争议仲裁办案规则。该文件为规则依据，不是统一模板。
加班费争议申请,劳动人事争议仲裁文书起草指南,labor,party,false,A,人力资源和社会保障部相关平台,https://chinajob.mohrss.gov.cn/h5/c/2022-07-15/356204.shtml,2022-07-15,2026-05-02,skills/legal-document-drafting/references/arbitration_guides/labor-加班费争议申请.md,guide_collected,已检索来源：劳动人事争议仲裁办案规则。该文件为规则依据，不是统一模板。
竞业限制纠纷申请,劳动人事争议仲裁文书起草指南,labor,party,false,A,人力资源和社会保障部相关平台,https://chinajob.mohrss.gov.cn/h5/c/2022-07-15/356204.shtml,2022-07-15,2026-05-02,skills/legal-document-drafting/references/arbitration_guides/labor-竞业限制纠纷申请.md,guide_collected,已检索来源：劳动人事争议仲裁办案规则。该文件为规则依据，不是统一模板。
社会保险待遇争议申请,劳动人事争议仲裁文书起草指南,labor,party,false,A,人力资源和社会保障部相关平台,https://chinajob.mohrss.gov.cn/h5/c/2022-07-15/356204.shtml,2022-07-15,2026-05-02,skills/legal-document-drafting/references/arbitration_guides/labor-社会保险待遇争议申请.md,guide_collected,已检索来源：劳动人事争议仲裁办案规则。该文件为规则依据，不是统一模板。
劳动仲裁证据目录,劳动人事争议仲裁文书起草指南,labor,party,false,A,人力资源和社会保障部相关平台,https://chinajob.mohrss.gov.cn/h5/c/2022-07-15/356204.shtml,2022-07-15,2026-05-02,skills/legal-document-drafting/references/arbitration_guides/labor-劳动仲裁证据目录.md,guide_collected,已检索来源：劳动人事争议仲裁办案规则。该文件为规则依据，不是统一模板。
仲裁代理意见,劳动人事争议仲裁文书起草指南,labor,party,false,A,人力资源和社会保障部相关平台,https://chinajob.mohrss.gov.cn/h5/c/2022-07-15/356204.shtml,2022-07-15,2026-05-02,skills/legal-document-drafting/references/arbitration_guides/labor-仲裁代理意见.md,guide_collected,已检索来源：劳动人事争议仲裁办案规则。该文件为规则依据，不是统一模板。
劳动争议调解申请书,劳动人事争议仲裁文书起草指南,labor,party,false,A,人力资源和社会保障部相关平台,https://chinajob.mohrss.gov.cn/h5/c/2022-07-15/356204.shtml,2022-07-15,2026-05-02,skills/legal-document-drafting/references/arbitration_guides/labor-劳动争议调解申请书.md,guide_collected,已检索来源：劳动人事争议仲裁办案规则。该文件为规则依据，不是统一模板。
仲裁申请书,商事仲裁文书起草指南,arbitration,party,false,A,中国国际经济贸易仲裁委员会,https://www.cietac.org/articles/8324,2024-01-01,2026-05-02,skills/legal-document-drafting/references/arbitration_guides/仲裁申请书.md,official_reference_only,已检索来源：中国国际经济贸易仲裁委员会仲裁规则或仲裁申请书示范文本。需结合具体仲裁机构规则复核。
仲裁答辩书,商事仲裁文书起草指南,arbitration,party,false,A,中国国际经济贸易仲裁委员会,https://www.cietac.org/articles/25022,2024-01-01,2026-05-02,skills/legal-document-drafting/references/arbitration_guides/仲裁答辩书.md,guide_collected,已检索来源：中国国际经济贸易仲裁委员会仲裁规则或仲裁申请书示范文本。需结合具体仲裁机构规则复核。
仲裁反请求申请书,商事仲裁文书起草指南,arbitration,party,false,A,中国国际经济贸易仲裁委员会,https://www.cietac.org/articles/25022,2024-01-01,2026-05-02,skills/legal-document-drafting/references/arbitration_guides/仲裁反请求申请书.md,guide_collected,已检索来源：中国国际经济贸易仲裁委员会仲裁规则或仲裁申请书示范文本。需结合具体仲裁机构规则复核。
仲裁财产保全申请书,商事仲裁文书起草指南,arbitration,party,false,A,中国国际经济贸易仲裁委员会,https://www.cietac.org/articles/25022,2024-01-01,2026-05-02,skills/legal-document-drafting/references/arbitration_guides/仲裁财产保全申请书.md,guide_collected,已检索来源：中国国际经济贸易仲裁委员会仲裁规则或仲裁申请书示范文本。需结合具体仲裁机构规则复核。
仲裁证据保全申请书,商事仲裁文书起草指南,arbitration,party,false,A,中国国际经济贸易仲裁委员会,https://www.cietac.org/articles/25022,2024-01-01,2026-05-02,skills/legal-document-drafting/references/arbitration_guides/仲裁证据保全申请书.md,guide_collected,已检索来源：中国国际经济贸易仲裁委员会仲裁规则或仲裁申请书示范文本。需结合具体仲裁机构规则复核。
仲裁管辖异议书,商事仲裁文书起草指南,arbitration,party,false,A,中国国际经济贸易仲裁委员会,https://www.cietac.org/articles/25022,2024-01-01,2026-05-02,skills/legal-document-drafting/references/arbitration_guides/仲裁管辖异议书.md,guide_collected,已检索来源：中国国际经济贸易仲裁委员会仲裁规则或仲裁申请书示范文本。需结合具体仲裁机构规则复核。
仲裁代理词,商事仲裁文书起草指南,arbitration,party,false,A,中国国际经济贸易仲裁委员会,https://www.cietac.org/articles/25022,2024-01-01,2026-05-02,skills/legal-document-drafting/references/arbitration_guides/仲裁代理词.md,guide_collected,已检索来源：中国国际经济贸易仲裁委员会仲裁规则或仲裁申请书示范文本。需结合具体仲裁机构规则复核。
撤回仲裁申请书,商事仲裁文书起草指南,arbitration,party,false,A,中国国际经济贸易仲裁委员会,https://www.cietac.org/articles/25022,2024-01-01,2026-05-02,skills/legal-document-drafting/references/arbitration_guides/撤回仲裁申请书.md,guide_collected,已检索来源：中国国际经济贸易仲裁委员会仲裁规则或仲裁申请书示范文本。需结合具体仲裁机构规则复核。
申请撤销仲裁裁决申请书,商事仲裁文书起草指南,arbitration,party,false,A,中国国际经济贸易仲裁委员会,https://www.cietac.org/articles/25022,2024-01-01,2026-05-02,skills/legal-document-drafting/references/arbitration_guides/申请撤销仲裁裁决申请书.md,guide_collected,已检索来源：中国国际经济贸易仲裁委员会仲裁规则或仲裁申请书示范文本。需结合具体仲裁机构规则复核。
申请确认仲裁协议效力申请书,商事仲裁文书起草指南,arbitration,party,false,A,中国国际经济贸易仲裁委员会,https://www.cietac.org/articles/25022,2024-01-01,2026-05-02,skills/legal-document-drafting/references/arbitration_guides/申请确认仲裁协议效力申请书.md,guide_collected,已检索来源：中国国际经济贸易仲裁委员会仲裁规则或仲裁申请书示范文本。需结合具体仲裁机构规则复核。
申请执行仲裁裁决申请书,商事仲裁文书起草指南,arbitration,party,false,A,中国国际经济贸易仲裁委员会,https://www.cietac.org/articles/25022,2024-01-01,2026-05-02,skills/legal-document-drafting/references/arbitration_guides/申请执行仲裁裁决申请书.md,guide_collected,已检索来源：中国国际经济贸易仲裁委员会仲裁规则或仲裁申请书示范文本。需结合具体仲裁机构规则复核。
申请不予执行仲裁裁决申请书,商事仲裁文书起草指南,arbitration,party,false,A,中国国际经济贸易仲裁委员会,https://www.cietac.org/articles/25022,2024-01-01,2026-05-02,skills/legal-document-drafting/references/arbitration_guides/申请不予执行仲裁裁决申请书.md,guide_collected,已检索来源：中国国际经济贸易仲裁委员会仲裁规则或仲裁申请书示范文本。需结合具体仲裁机构规则复核。
2025年67类示范文本附件正文下载,待补权威模板,criminal,lawyer,false,A,本项目整理,https://www.court.gov.cn/fabu/xiangqing/468671.html,2026-05-02,2026-05-02,skills/legal-document-drafting/source_manifest/missing_sources.md,missing,已检索来源：最高法、最高检、司法部、中国政府网、全国人大、全国律协等；未取得权威模板正文，需人工补充。
律师函全国统一模板,待补权威模板,lawyer_practice,lawyer,false,A,本项目整理,https://www.court.gov.cn/fabu/xiangqing/468671.html,2026-05-02,2026-05-02,skills/legal-document-drafting/source_manifest/missing_sources.md,missing,已检索来源：最高法、最高检、司法部、中国政府网、全国人大、全国律协等；未取得权威模板正文，需人工补充。
律师见证书全国统一模板,待补权威模板,lawyer_practice,lawyer,false,A,本项目整理,https://www.court.gov.cn/fabu/xiangqing/468671.html,2026-05-02,2026-05-02,skills/legal-document-drafting/source_manifest/missing_sources.md,missing,已检索来源：最高法、最高检、司法部、中国政府网、全国人大、全国律协等；未取得权威模板正文，需人工补充。
类案检索报告统一模板,待补权威模板,lawyer_practice,lawyer,false,A,本项目整理,https://www.court.gov.cn/fabu/xiangqing/468671.html,2026-05-02,2026-05-02,skills/legal-document-drafting/source_manifest/missing_sources.md,missing,已检索来源：最高法、最高检、司法部、中国政府网、全国人大、全国律协等；未取得权威模板正文，需人工补充。
刑事不予批准逮捕法律意见书官方模板,待补权威模板,criminal,lawyer,false,A,本项目整理,https://www.court.gov.cn/fabu/xiangqing/468671.html,2026-05-02,2026-05-02,skills/legal-document-drafting/source_manifest/missing_sources.md,missing,已检索来源：最高法、最高检、司法部、中国政府网、全国人大、全国律协等；未取得权威模板正文，需人工补充。
认罪认罚具结书审查意见官方模板,待补权威模板,criminal,lawyer,false,A,本项目整理,https://www.court.gov.cn/fabu/xiangqing/468671.html,2026-05-02,2026-05-02,skills/legal-document-drafting/source_manifest/missing_sources.md,missing,已检索来源：最高法、最高检、司法部、中国政府网、全国人大、全国律协等；未取得权威模板正文，需人工补充。
撤销案件法律意见书官方模板,待补权威模板,criminal,lawyer,false,A,本项目整理,https://www.court.gov.cn/fabu/xiangqing/468671.html,2026-05-02,2026-05-02,skills/legal-document-drafting/source_manifest/missing_sources.md,missing,已检索来源：最高法、最高检、司法部、中国政府网、全国人大、全国律协等；未取得权威模板正文，需人工补充。
